{
  "scanned": [
    {
      "TRX": -36.71
    },
    {
      "ETH": -14.37
    },
    {
      "SOL": -38.94
    }
  ],
  "opened": [],
  "closed": [],
  "holding": []
}
{
  "scanned": [
    {
      "TRX": -38.41
    },
    {
      "ETH": -15.66
    },
    {
      "SOL": -38.81
    }
  ],
  "opened": [],
  "closed": [],
  "holding": []
}
{
  "scanned": [
    {
      "TRX": -38.66
    },
    {
      "ETH": -15.87
    },
    {
      "SOL": -38.21
    }
  ],
  "opened": [],
  "closed": [],
  "holding": []
}
{
  "scanned": [
    {
      "TRX": -45.81
    },
    {
      "ETH": -18.3
    },
    {
      "SOL": -40.96
    }
  ],
  "opened": [],
  "closed": [],
  "holding": []
}
{
  "scanned": [
    {
      "TRX": -47.15
    },
    {
      "ETH": -18.61
    },
    {
      "SOL": -43.33
    }
  ],
  "opened": [],
  "closed": [],
  "holding": []
}
{
  "scanned": [
    {
      "TRX": -48.46
    },
    {
      "ETH": -17.2
    },
    {
      "SOL": -44.51
    }
  ],
  "opened": [],
  "closed": [],
  "holding": []
}
{
  "scanned": [
    {
      "TRX": -42.93
    },
    {
      "ETH": -8.21
    },
    {
      "SOL": -37.67
    }
  ],
  "opened": [],
  "closed": [],
  "holding": []
}
{
  "scanned": [
    {
      "TRX": -36.68
    },
    {
      "ETH": -2.88
    },
    {
      "SOL": -29.6
    }
  ],
  "opened": [],
  "closed": [],
  "holding": []
}
{
  "scanned": [
    {
      "TRX": -31.57
    },
    {
      "ETH": -0.6
    },
    {
      "SOL": -25.56
    }
  ],
  "opened": [],
  "closed": [],
  "holding": []
}
{
  "scanned": [
    {
      "TRX": -26.63
    },
    {
      "ETH": -2.24
    },
    {
      "SOL": -23.07
    }
  ],
  "opened": [],
  "closed": [],
  "holding": []
}
2026-06-08 05:00:03,329 [carry] INFO: carry_executor 模式: 🟢 DRY-RUN（不下单）（实盘需 CARRY_LIVE=1，且勿与主 bot 同币种同跑）
2026-06-08 05:00:04,403 [carry] INFO: HTTP Request: GET https://www.okx.com/api/v5/public/funding-rate?instId=TRX-USDT-SWAP "HTTP/1.1 200 OK"
2026-06-08 05:00:05,096 [carry] INFO: HTTP Request: GET https://www.okx.com/api/v5/public/funding-rate?instId=ETH-USDT-SWAP "HTTP/1.1 200 OK"
2026-06-08 05:00:06,023 [carry] INFO: HTTP Request: GET https://www.okx.com/api/v5/public/funding-rate?instId=SOL-USDT-SWAP "HTTP/1.1 200 OK"
{
  "live": false,
  "scanned": [
    {
      "TRX": -20.87
    },
    {
      "ETH": -3.29
    },
    {
      "SOL": -21.24
    }
  ],
  "opened": [],
  "closed": [],
  "holding": [],
  "would": []
}
2026-06-08 06:00:03,028 [carry] INFO: carry_executor 模式: 🟢 DRY-RUN（不下单）（实盘需 CARRY_LIVE=1，且勿与主 bot 同币种同跑）
2026-06-08 06:00:03,985 [carry] INFO: HTTP Request: GET https://www.okx.com/api/v5/public/funding-rate?instId=TRX-USDT-SWAP "HTTP/1.1 200 OK"
2026-06-08 06:00:04,260 [carry] INFO: HTTP Request: GET https://www.okx.com/api/v5/public/funding-rate?instId=ETH-USDT-SWAP "HTTP/1.1 200 OK"
2026-06-08 06:00:04,560 [carry] INFO: HTTP Request: GET https://www.okx.com/api/v5/public/funding-rate?instId=SOL-USDT-SWAP "HTTP/1.1 200 OK"
{
  "live": false,
  "scanned": [
    {
      "TRX": -18.07
    },
    {
      "ETH": -4.11
    },
    {
      "SOL": -22.13
    }
  ],
  "opened": [],
  "closed": [],
  "holding": [],
  "would": []
}
2026-06-08 07:00:03,653 [carry] INFO: carry_executor 模式: 🟢 DRY-RUN（不下单）（实盘需 CARRY_LIVE=1，且勿与主 bot 同币种同跑）
2026-06-08 07:00:03,926 [carry] INFO: HTTP Request: GET https://www.okx.com/api/v5/public/funding-rate?instId=TRX-USDT-SWAP "HTTP/1.1 200 OK"
2026-06-08 07:00:04,050 [carry] INFO: HTTP Request: GET https://www.okx.com/api/v5/public/funding-rate?instId=ETH-USDT-SWAP "HTTP/1.1 200 OK"
2026-06-08 07:00:04,180 [carry] INFO: HTTP Request: GET https://www.okx.com/api/v5/public/funding-rate?instId=SOL-USDT-SWAP "HTTP/1.1 200 OK"
{
  "live": false,
  "scanned": [
    {
      "TRX": -17.61
    },
    {
      "ETH": -4.74
    },
    {
      "SOL": -22.44
    }
  ],
  "opened": [],
  "closed": [],
  "holding": [],
  "would": []
}
2026-06-08 08:00:04,704 [carry] INFO: carry_executor 模式: 🟢 DRY-RUN（不下单）（实盘需 CARRY_LIVE=1，且勿与主 bot 同币种同跑）
2026-06-08 08:00:05,539 [carry] INFO: HTTP Request: GET https://www.okx.com/api/v5/public/funding-rate?instId=TRX-USDT-SWAP "HTTP/1.1 200 OK"
2026-06-08 08:00:05,730 [carry] INFO: HTTP Request: GET https://www.okx.com/api/v5/public/funding-rate?instId=ETH-USDT-SWAP "HTTP/1.1 200 OK"
2026-06-08 08:00:05,953 [carry] INFO: HTTP Request: GET https://www.okx.com/api/v5/public/funding-rate?instId=SOL-USDT-SWAP "HTTP/1.1 200 OK"
{
  "live": false,
  "scanned": [
    {
      "TRX": -22.97
    },
    {
      "ETH": -5.78
    },
    {
      "SOL": -23.52
    }
  ],
  "opened": [],
  "closed": [],
  "holding": [],
  "would": []
}
2026-06-08 09:00:03,357 [carry] INFO: carry_executor 模式: 🟢 DRY-RUN（不下单）（实盘需 CARRY_LIVE=1，且勿与主 bot 同币种同跑）
2026-06-08 09:00:03,880 [carry] INFO: HTTP Request: GET https://www.okx.com/api/v5/public/funding-rate?instId=TRX-USDT-SWAP "HTTP/1.1 200 OK"
2026-06-08 09:00:04,265 [carry] INFO: HTTP Request: GET https://www.okx.com/api/v5/public/funding-rate?instId=ETH-USDT-SWAP "HTTP/1.1 200 OK"
2026-06-08 09:00:04,484 [carry] INFO: HTTP Request: GET https://www.okx.com/api/v5/public/funding-rate?instId=SOL-USDT-SWAP "HTTP/1.1 200 OK"
{
  "live": false,
  "scanned": [
    {
      "TRX": -26.76
    },
    {
      "ETH": -7.32
    },
    {
      "SOL": -22.61
    }
  ],
  "opened": [],
  "closed": [],
  "holding": [],
  "would": []
}
2026-06-08 10:00:03,051 [carry] INFO: carry_executor 模式: 🟢 DRY-RUN（不下单）（实盘需 CARRY_LIVE=1，且勿与主 bot 同币种同跑）
2026-06-08 10:00:03,671 [carry] INFO: HTTP Request: GET https://www.okx.com/api/v5/public/funding-rate?instId=TRX-USDT-SWAP "HTTP/1.1 200 OK"
2026-06-08 10:00:04,405 [carry] INFO: HTTP Request: GET https://www.okx.com/api/v5/public/funding-rate?instId=ETH-USDT-SWAP "HTTP/1.1 200 OK"
2026-06-08 10:00:05,108 [carry] INFO: HTTP Request: GET https://www.okx.com/api/v5/public/funding-rate?instId=SOL-USDT-SWAP "HTTP/1.1 200 OK"
{
  "live": false,
  "scanned": [
    {
      "TRX": -30.15
    },
    {
      "ETH": -6.47
    },
    {
      "SOL": -20.62
    }
  ],
  "opened": [],
  "closed": [],
  "holding": [],
  "would": []
}
2026-06-08 11:00:02,717 [carry] INFO: carry_executor 模式: 🟢 DRY-RUN（不下单）（实盘需 CARRY_LIVE=1，且勿与主 bot 同币种同跑）
2026-06-08 11:00:04,677 [carry] INFO: HTTP Request: GET https://www.okx.com/api/v5/public/funding-rate?instId=TRX-USDT-SWAP "HTTP/1.1 200 OK"
2026-06-08 11:00:05,583 [carry] INFO: HTTP Request: GET https://www.okx.com/api/v5/public/funding-rate?instId=ETH-USDT-SWAP "HTTP/1.1 200 OK"
2026-06-08 11:00:06,587 [carry] INFO: HTTP Request: GET https://www.okx.com/api/v5/public/funding-rate?instId=SOL-USDT-SWAP "HTTP/1.1 200 OK"
{
  "live": false,
  "scanned": [
    {
      "TRX": -33.54
    },
    {
      "ETH": -5.9
    },
    {
      "SOL": -19.41
    }
  ],
  "opened": [],
  "closed": [],
  "holding": [],
  "would": []
}
2026-06-08 12:00:05,784 [carry] INFO: carry_executor 模式: 🟢 DRY-RUN（不下单）（实盘需 CARRY_LIVE=1，且勿与主 bot 同币种同跑）
2026-06-08 12:00:06,578 [carry] INFO: HTTP Request: GET https://www.okx.com/api/v5/public/funding-rate?instId=TRX-USDT-SWAP "HTTP/1.1 200 OK"
2026-06-08 12:00:07,143 [carry] INFO: HTTP Request: GET https://www.okx.com/api/v5/public/funding-rate?instId=ETH-USDT-SWAP "HTTP/1.1 200 OK"
2026-06-08 12:00:07,462 [carry] INFO: HTTP Request: GET https://www.okx.com/api/v5/public/funding-rate?instId=SOL-USDT-SWAP "HTTP/1.1 200 OK"
{
  "live": false,
  "scanned": [
    {
      "TRX": -35.79
    },
    {
      "ETH": -5.6
    },
    {
      "SOL": -17.89
    }
  ],
  "opened": [],
  "closed": [],
  "holding": [],
  "would": []
}
2026-06-08 13:00:03,670 [carry] INFO: carry_executor 模式: 🟢 DRY-RUN（不下单）（实盘需 CARRY_LIVE=1，且勿与主 bot 同币种同跑）
2026-06-08 13:00:04,965 [carry] INFO: HTTP Request: GET https://www.okx.com/api/v5/public/funding-rate?instId=TRX-USDT-SWAP "HTTP/1.1 200 OK"
2026-06-08 13:00:05,159 [carry] INFO: HTTP Request: GET https://www.okx.com/api/v5/public/funding-rate?instId=ETH-USDT-SWAP "HTTP/1.1 200 OK"
2026-06-08 13:00:05,574 [carry] INFO: HTTP Request: GET https://www.okx.com/api/v5/public/funding-rate?instId=SOL-USDT-SWAP "HTTP/1.1 200 OK"
{
  "live": false,
  "scanned": [
    {
      "TRX": -37.05
    },
    {
      "ETH": -7.2
    },
    {
      "SOL": -16.42
    }
  ],
  "opened": [],
  "closed": [],
  "holding": [],
  "would": []
}
2026-06-08 14:00:02,898 [carry] INFO: carry_executor 模式: 🟢 DRY-RUN（不下单）（实盘需 CARRY_LIVE=1，且勿与主 bot 同币种同跑）
2026-06-08 14:00:04,017 [carry] INFO: HTTP Request: GET https://www.okx.com/api/v5/public/funding-rate?instId=TRX-USDT-SWAP "HTTP/1.1 200 OK"
2026-06-08 14:00:04,564 [carry] INFO: HTTP Request: GET https://www.okx.com/api/v5/public/funding-rate?instId=ETH-USDT-SWAP "HTTP/1.1 200 OK"
2026-06-08 14:00:04,737 [carry] INFO: HTTP Request: GET https://www.okx.com/api/v5/public/funding-rate?instId=SOL-USDT-SWAP "HTTP/1.1 200 OK"
{
  "live": false,
  "scanned": [
    {
      "TRX": -35.03
    },
    {
      "ETH": -7.92
    },
    {
      "SOL": -13.36
    }
  ],
  "opened": [],
  "closed": [],
  "holding": [],
  "would": []
}
2026-06-08 15:00:03,139 [carry] INFO: carry_executor 模式: 🟢 DRY-RUN（不下单）（实盘需 CARRY_LIVE=1，且勿与主 bot 同币种同跑）
2026-06-08 15:00:03,570 [carry] INFO: HTTP Request: GET https://www.okx.com/api/v5/public/funding-rate?instId=TRX-USDT-SWAP "HTTP/1.1 200 OK"
2026-06-08 15:00:03,772 [carry] INFO: HTTP Request: GET https://www.okx.com/api/v5/public/funding-rate?instId=ETH-USDT-SWAP "HTTP/1.1 200 OK"
2026-06-08 15:00:03,951 [carry] INFO: HTTP Request: GET https://www.okx.com/api/v5/public/funding-rate?instId=SOL-USDT-SWAP "HTTP/1.1 200 OK"
{
  "live": false,
  "scanned": [
    {
      "TRX": -31.17
    },
    {
      "ETH": -8.49
    },
    {
      "SOL": -10.6
    }
  ],
  "opened": [],
  "closed": [],
  "holding": [],
  "would": []
}
2026-06-08 16:00:03,142 [carry] INFO: carry_executor 模式: 🟢 DRY-RUN（不下单）（实盘需 CARRY_LIVE=1，且勿与主 bot 同币种同跑）
2026-06-08 16:00:03,775 [carry] INFO: HTTP Request: GET https://www.okx.com/api/v5/public/funding-rate?instId=TRX-USDT-SWAP "HTTP/1.1 200 OK"
2026-06-08 16:00:04,321 [carry] INFO: HTTP Request: GET https://www.okx.com/api/v5/public/funding-rate?instId=ETH-USDT-SWAP "HTTP/1.1 200 OK"
2026-06-08 16:00:04,518 [carry] INFO: HTTP Request: GET https://www.okx.com/api/v5/public/funding-rate?instId=SOL-USDT-SWAP "HTTP/1.1 200 OK"
{
  "live": false,
  "scanned": [
    {
      "TRX": -28.4
    },
    {
      "ETH": -8.49
    },
    {
      "SOL": -10.2
    }
  ],
  "opened": [],
  "closed": [],
  "holding": [],
  "would": []
}
2026-06-08 17:00:03,655 [carry] INFO: carry_executor 模式: 🟢 DRY-RUN（不下单）（实盘需 CARRY_LIVE=1，且勿与主 bot 同币种同跑）
2026-06-08 17:00:04,553 [carry] INFO: HTTP Request: GET https://www.okx.com/api/v5/public/funding-rate?instId=TRX-USDT-SWAP "HTTP/1.1 200 OK"
2026-06-08 17:00:04,721 [carry] INFO: HTTP Request: GET https://www.okx.com/api/v5/public/funding-rate?instId=ETH-USDT-SWAP "HTTP/1.1 200 OK"
2026-06-08 17:00:05,863 [carry] INFO: HTTP Request: GET https://www.okx.com/api/v5/public/funding-rate?instId=SOL-USDT-SWAP "HTTP/1.1 200 OK"
{
  "live": false,
  "scanned": [
    {
      "TRX": -25.73
    },
    {
      "ETH": -7.66
    },
    {
      "SOL": -6.84
    }
  ],
  "opened": [],
  "closed": [],
  "holding": [],
  "would": []
}
2026-06-08 18:00:04,765 [carry] INFO: carry_executor 模式: 🟢 DRY-RUN（不下单）（实盘需 CARRY_LIVE=1，且勿与主 bot 同币种同跑）
2026-06-08 18:00:06,191 [carry] INFO: HTTP Request: GET https://www.okx.com/api/v5/public/funding-rate?instId=TRX-USDT-SWAP "HTTP/1.1 200 OK"
2026-06-08 18:00:06,350 [carry] INFO: HTTP Request: GET https://www.okx.com/api/v5/public/funding-rate?instId=ETH-USDT-SWAP "HTTP/1.1 200 OK"
2026-06-08 18:00:06,617 [carry] INFO: HTTP Request: GET https://www.okx.com/api/v5/public/funding-rate?instId=SOL-USDT-SWAP "HTTP/1.1 200 OK"
{
  "live": false,
  "scanned": [
    {
      "TRX": -22.14
    },
    {
      "ETH": -8.19
    },
    {
      "SOL": -1.07
    }
  ],
  "opened": [],
  "closed": [],
  "holding": [],
  "would": []
}
2026-06-08 19:00:03,809 [carry] INFO: carry_executor 模式: 🟢 DRY-RUN（不下单）（实盘需 CARRY_LIVE=1，且勿与主 bot 同币种同跑）
2026-06-08 19:00:04,250 [carry] INFO: HTTP Request: GET https://www.okx.com/api/v5/public/funding-rate?instId=TRX-USDT-SWAP "HTTP/1.1 200 OK"
2026-06-08 19:00:04,475 [carry] INFO: HTTP Request: GET https://www.okx.com/api/v5/public/funding-rate?instId=ETH-USDT-SWAP "HTTP/1.1 200 OK"
2026-06-08 19:00:04,855 [carry] INFO: HTTP Request: GET https://www.okx.com/api/v5/public/funding-rate?instId=SOL-USDT-SWAP "HTTP/1.1 200 OK"
{
  "live": false,
  "scanned": [
    {
      "TRX": -22.29
    },
    {
      "ETH": -9.39
    },
    {
      "SOL": 2.11
    }
  ],
  "opened": [],
  "closed": [],
  "holding": [],
  "would": []
}
2026-06-08 20:00:04,176 [carry] INFO: carry_executor 模式: 🟢 DRY-RUN（不下单）（实盘需 CARRY_LIVE=1，且勿与主 bot 同币种同跑）
2026-06-08 20:00:05,126 [carry] INFO: HTTP Request: GET https://www.okx.com/api/v5/public/funding-rate?instId=TRX-USDT-SWAP "HTTP/1.1 200 OK"
2026-06-08 20:00:05,329 [carry] INFO: HTTP Request: GET https://www.okx.com/api/v5/public/funding-rate?instId=ETH-USDT-SWAP "HTTP/1.1 200 OK"
2026-06-08 20:00:05,504 [carry] INFO: HTTP Request: GET https://www.okx.com/api/v5/public/funding-rate?instId=SOL-USDT-SWAP "HTTP/1.1 200 OK"
{
  "live": false,
  "scanned": [
    {
      "TRX": -25.31
    },
    {
      "ETH": -10.9
    },
    {
      "SOL": 2.3
    }
  ],
  "opened": [],
  "closed": [],
  "holding": [],
  "would": []
}
2026-06-08 21:00:04,573 [carry] INFO: carry_executor 模式: 🟢 DRY-RUN（不下单）（实盘需 CARRY_LIVE=1，且勿与主 bot 同币种同跑）
2026-06-08 21:00:05,514 [carry] INFO: HTTP Request: GET https://www.okx.com/api/v5/public/funding-rate?instId=TRX-USDT-SWAP "HTTP/1.1 200 OK"
2026-06-08 21:00:06,420 [carry] INFO: HTTP Request: GET https://www.okx.com/api/v5/public/funding-rate?instId=ETH-USDT-SWAP "HTTP/1.1 200 OK"
2026-06-08 21:00:06,623 [carry] INFO: HTTP Request: GET https://www.okx.com/api/v5/public/funding-rate?instId=SOL-USDT-SWAP "HTTP/1.1 200 OK"
{
  "live": false,
  "scanned": [
    {
      "TRX": -27.1
    },
    {
      "ETH": -12.45
    },
    {
      "SOL": 1.05
    }
  ],
  "opened": [],
  "closed": [],
  "holding": [],
  "would": []
}
2026-06-08 22:00:06,010 [carry] INFO: carry_executor 模式: 🟢 DRY-RUN（不下单）（实盘需 CARRY_LIVE=1，且勿与主 bot 同币种同跑）
2026-06-08 22:00:07,077 [carry] INFO: HTTP Request: GET https://www.okx.com/api/v5/public/funding-rate?instId=TRX-USDT-SWAP "HTTP/1.1 200 OK"
2026-06-08 22:00:07,517 [carry] INFO: HTTP Request: GET https://www.okx.com/api/v5/public/funding-rate?instId=ETH-USDT-SWAP "HTTP/1.1 200 OK"
2026-06-08 22:00:07,886 [carry] INFO: HTTP Request: GET https://www.okx.com/api/v5/public/funding-rate?instId=SOL-USDT-SWAP "HTTP/1.1 200 OK"
{
  "live": false,
  "scanned": [
    {
      "TRX": -28.39
    },
    {
      "ETH": -15.26
    },
    {
      "SOL": 0.02
    }
  ],
  "opened": [],
  "closed": [],
  "holding": [],
  "would": []
}
2026-06-08 23:00:04,042 [carry] INFO: carry_executor 模式: 🟢 DRY-RUN（不下单）（实盘需 CARRY_LIVE=1，且勿与主 bot 同币种同跑）
2026-06-08 23:00:04,846 [carry] INFO: HTTP Request: GET https://www.okx.com/api/v5/public/funding-rate?instId=TRX-USDT-SWAP "HTTP/1.1 200 OK"
2026-06-08 23:00:05,272 [carry] INFO: HTTP Request: GET https://www.okx.com/api/v5/public/funding-rate?instId=ETH-USDT-SWAP "HTTP/1.1 200 OK"
2026-06-08 23:00:05,570 [carry] INFO: HTTP Request: GET https://www.okx.com/api/v5/public/funding-rate?instId=SOL-USDT-SWAP "HTTP/1.1 200 OK"
{
  "live": false,
  "scanned": [
    {
      "TRX": -27.51
    },
    {
      "ETH": -17.64
    },
    {
      "SOL": -2.19
    }
  ],
  "opened": [],
  "closed": [],
  "holding": [],
  "would": []
}
2026-06-09 00:00:04,434 [carry] INFO: carry_executor 模式: 🟢 DRY-RUN（不下单）（实盘需 CARRY_LIVE=1，且勿与主 bot 同币种同跑）
2026-06-09 00:00:05,822 [carry] INFO: HTTP Request: GET https://www.okx.com/api/v5/public/funding-rate?instId=TRX-USDT-SWAP "HTTP/1.1 200 OK"
2026-06-09 00:00:06,223 [carry] INFO: HTTP Request: GET https://www.okx.com/api/v5/public/funding-rate?instId=ETH-USDT-SWAP "HTTP/1.1 200 OK"
2026-06-09 00:00:06,425 [carry] INFO: HTTP Request: GET https://www.okx.com/api/v5/public/funding-rate?instId=SOL-USDT-SWAP "HTTP/1.1 200 OK"
{
  "live": false,
  "scanned": [
    {
      "TRX": -21.55
    },
    {
      "ETH": -17.82
    },
    {
      "SOL": -2.91
    }
  ],
  "opened": [],
  "closed": [],
  "holding": [],
  "would": []
}
2026-06-09 01:00:02,779 [carry] INFO: carry_executor 模式: 🟢 DRY-RUN（不下单）（实盘需 CARRY_LIVE=1，且勿与主 bot 同币种同跑）
2026-06-09 01:00:03,163 [carry] INFO: HTTP Request: GET https://www.okx.com/api/v5/public/funding-rate?instId=TRX-USDT-SWAP "HTTP/1.1 200 OK"
2026-06-09 01:00:03,409 [carry] INFO: HTTP Request: GET https://www.okx.com/api/v5/public/funding-rate?instId=ETH-USDT-SWAP "HTTP/1.1 200 OK"
2026-06-09 01:00:03,532 [carry] INFO: HTTP Request: GET https://www.okx.com/api/v5/public/funding-rate?instId=SOL-USDT-SWAP "HTTP/1.1 200 OK"
{
  "live": false,
  "scanned": [
    {
      "TRX": -21.19
    },
    {
      "ETH": -17.78
    },
    {
      "SOL": -7.48
    }
  ],
  "opened": [],
  "closed": [],
  "holding": [],
  "would": []
}
2026-06-09 02:00:04,197 [carry] INFO: carry_executor 模式: 🟢 DRY-RUN（不下单）（实盘需 CARRY_LIVE=1，且勿与主 bot 同币种同跑）
2026-06-09 02:00:05,181 [carry] INFO: HTTP Request: GET https://www.okx.com/api/v5/public/funding-rate?instId=TRX-USDT-SWAP "HTTP/1.1 200 OK"
2026-06-09 02:00:05,605 [carry] INFO: HTTP Request: GET https://www.okx.com/api/v5/public/funding-rate?instId=ETH-USDT-SWAP "HTTP/1.1 200 OK"
2026-06-09 02:00:05,948 [carry] INFO: HTTP Request: GET https://www.okx.com/api/v5/public/funding-rate?instId=SOL-USDT-SWAP "HTTP/1.1 200 OK"
{
  "live": false,
  "scanned": [
    {
      "TRX": -22.19
    },
    {
      "ETH": -16.6
    },
    {
      "SOL": -9.62
    }
  ],
  "opened": [],
  "closed": [],
  "holding": [],
  "would": []
}
2026-06-09 03:00:04,581 [carry] INFO: carry_executor 模式: 🟢 DRY-RUN（不下单）（实盘需 CARRY_LIVE=1，且勿与主 bot 同币种同跑）
2026-06-09 03:00:06,750 [carry] INFO: HTTP Request: GET https://www.okx.com/api/v5/public/funding-rate?instId=TRX-USDT-SWAP "HTTP/1.1 200 OK"
2026-06-09 03:00:06,979 [carry] INFO: HTTP Request: GET https://www.okx.com/api/v5/public/funding-rate?instId=ETH-USDT-SWAP "HTTP/1.1 200 OK"
2026-06-09 03:00:07,099 [carry] INFO: HTTP Request: GET https://www.okx.com/api/v5/public/funding-rate?instId=SOL-USDT-SWAP "HTTP/1.1 200 OK"
{
  "live": false,
  "scanned": [
    {
      "TRX": -27.0
    },
    {
      "ETH": -16.73
    },
    {
      "SOL": -10.57
    }
  ],
  "opened": [],
  "closed": [],
  "holding": [],
  "would": []
}
2026-06-09 04:00:03,305 [carry] INFO: carry_executor 模式: 🟢 DRY-RUN（不下单）（实盘需 CARRY_LIVE=1，且勿与主 bot 同币种同跑）
2026-06-09 04:00:04,065 [carry] INFO: HTTP Request: GET https://www.okx.com/api/v5/public/funding-rate?instId=TRX-USDT-SWAP "HTTP/1.1 200 OK"
2026-06-09 04:00:04,292 [carry] INFO: HTTP Request: GET https://www.okx.com/api/v5/public/funding-rate?instId=ETH-USDT-SWAP "HTTP/1.1 200 OK"
2026-06-09 04:00:04,540 [carry] INFO: HTTP Request: GET https://www.okx.com/api/v5/public/funding-rate?instId=SOL-USDT-SWAP "HTTP/1.1 200 OK"
{
  "live": false,
  "scanned": [
    {
      "TRX": -32.71
    },
    {
      "ETH": -15.89
    },
    {
      "SOL": -11.63
    }
  ],
  "opened": [],
  "closed": [],
  "holding": [],
  "would": []
}
2026-06-09 05:00:03,182 [carry] INFO: carry_executor 模式: 🟢 DRY-RUN（不下单）（实盘需 CARRY_LIVE=1，且勿与主 bot 同币种同跑）
2026-06-09 05:00:03,637 [carry] INFO: HTTP Request: GET https://www.okx.com/api/v5/public/funding-rate?instId=TRX-USDT-SWAP "HTTP/1.1 200 OK"
2026-06-09 05:00:03,848 [carry] INFO: HTTP Request: GET https://www.okx.com/api/v5/public/funding-rate?instId=ETH-USDT-SWAP "HTTP/1.1 200 OK"
2026-06-09 05:00:04,010 [carry] INFO: HTTP Request: GET https://www.okx.com/api/v5/public/funding-rate?instId=SOL-USDT-SWAP "HTTP/1.1 200 OK"
{
  "live": false,
  "scanned": [
    {
      "TRX": -42.24
    },
    {
      "ETH": -14.49
    },
    {
      "SOL": -12.02
    }
  ],
  "opened": [],
  "closed": [],
  "holding": [],
  "would": []
}
2026-06-09 06:00:07,359 [carry] INFO: carry_executor 模式: 🟢 DRY-RUN（不下单）（实盘需 CARRY_LIVE=1，且勿与主 bot 同币种同跑）
2026-06-09 06:00:08,394 [carry] INFO: HTTP Request: GET https://www.okx.com/api/v5/public/funding-rate?instId=TRX-USDT-SWAP "HTTP/1.1 200 OK"
2026-06-09 06:00:08,614 [carry] INFO: HTTP Request: GET https://www.okx.com/api/v5/public/funding-rate?instId=ETH-USDT-SWAP "HTTP/1.1 200 OK"
2026-06-09 06:00:08,784 [carry] INFO: HTTP Request: GET https://www.okx.com/api/v5/public/funding-rate?instId=SOL-USDT-SWAP "HTTP/1.1 200 OK"
{
  "live": false,
  "scanned": [
    {
      "TRX": -47.52
    },
    {
      "ETH": -13.05
    },
    {
      "SOL": -11.94
    }
  ],
  "opened": [],
  "closed": [],
  "holding": [],
  "would": []
}
2026-06-09 07:00:07,577 [carry] INFO: carry_executor 模式: 🟢 DRY-RUN（不下单）（实盘需 CARRY_LIVE=1，且勿与主 bot 同币种同跑）
2026-06-09 07:00:11,262 [carry] INFO: HTTP Request: GET https://www.okx.com/api/v5/public/funding-rate?instId=TRX-USDT-SWAP "HTTP/1.1 200 OK"
2026-06-09 07:00:11,486 [carry] INFO: HTTP Request: GET https://www.okx.com/api/v5/public/funding-rate?instId=ETH-USDT-SWAP "HTTP/1.1 200 OK"
2026-06-09 07:00:11,835 [carry] INFO: HTTP Request: GET https://www.okx.com/api/v5/public/funding-rate?instId=SOL-USDT-SWAP "HTTP/1.1 200 OK"
{
  "live": false,
  "scanned": [
    {
      "TRX": -50.29
    },
    {
      "ETH": -12.25
    },
    {
      "SOL": -10.76
    }
  ],
  "opened": [],
  "closed": [],
  "holding": [],
  "would": []
}
2026-06-09 08:00:07,956 [carry] INFO: carry_executor 模式: 🟢 DRY-RUN（不下单）（实盘需 CARRY_LIVE=1，且勿与主 bot 同币种同跑）
2026-06-09 08:00:09,480 [carry] INFO: HTTP Request: GET https://www.okx.com/api/v5/public/funding-rate?instId=TRX-USDT-SWAP "HTTP/1.1 200 OK"
2026-06-09 08:00:10,438 [carry] INFO: HTTP Request: GET https://www.okx.com/api/v5/public/funding-rate?instId=ETH-USDT-SWAP "HTTP/1.1 200 OK"
2026-06-09 08:00:11,033 [carry] INFO: HTTP Request: GET https://www.okx.com/api/v5/public/funding-rate?instId=SOL-USDT-SWAP "HTTP/1.1 200 OK"
{
  "live": false,
  "scanned": [
    {
      "TRX": -51.76
    },
    {
      "ETH": -9.7
    },
    {
      "SOL": -7.56
    }
  ],
  "opened": [],
  "closed": [],
  "holding": [],
  "would": []
}
2026-06-09 09:00:06,051 [carry] INFO: carry_executor 模式: 🟢 DRY-RUN（不下单）（实盘需 CARRY_LIVE=1，且勿与主 bot 同币种同跑）
2026-06-09 09:00:07,115 [carry] INFO: HTTP Request: GET https://www.okx.com/api/v5/public/funding-rate?instId=TRX-USDT-SWAP "HTTP/1.1 200 OK"
2026-06-09 09:00:07,321 [carry] INFO: HTTP Request: GET https://www.okx.com/api/v5/public/funding-rate?instId=ETH-USDT-SWAP "HTTP/1.1 200 OK"
2026-06-09 09:00:07,497 [carry] INFO: HTTP Request: GET https://www.okx.com/api/v5/public/funding-rate?instId=SOL-USDT-SWAP "HTTP/1.1 200 OK"
{
  "live": false,
  "scanned": [
    {
      "TRX": -48.7
    },
    {
      "ETH": -8.4
    },
    {
      "SOL": -5.64
    }
  ],
  "opened": [],
  "closed": [],
  "holding": [],
  "would": []
}
2026-06-09 10:00:10,741 [carry] INFO: carry_executor 模式: 🟢 DRY-RUN（不下单）（实盘需 CARRY_LIVE=1，且勿与主 bot 同币种同跑）
2026-06-09 10:00:12,641 [carry] INFO: HTTP Request: GET https://www.okx.com/api/v5/public/funding-rate?instId=TRX-USDT-SWAP "HTTP/1.1 200 OK"
2026-06-09 10:00:13,001 [carry] INFO: HTTP Request: GET https://www.okx.com/api/v5/public/funding-rate?instId=ETH-USDT-SWAP "HTTP/1.1 200 OK"
2026-06-09 10:00:13,203 [carry] INFO: HTTP Request: GET https://www.okx.com/api/v5/public/funding-rate?instId=SOL-USDT-SWAP "HTTP/1.1 200 OK"
{
  "live": false,
  "scanned": [
    {
      "TRX": -56.12
    },
    {
      "ETH": -6.75
    },
    {
      "SOL": -2.05
    }
  ],
  "opened": [],
  "closed": [],
  "holding": [],
  "would": []
}
2026-06-09 11:00:04,141 [carry] INFO: carry_executor 模式: 🟢 DRY-RUN（不下单）（实盘需 CARRY_LIVE=1，且勿与主 bot 同币种同跑）
2026-06-09 11:00:05,681 [carry] INFO: HTTP Request: GET https://www.okx.com/api/v5/public/funding-rate?instId=TRX-USDT-SWAP "HTTP/1.1 200 OK"
2026-06-09 11:00:06,647 [carry] INFO: HTTP Request: GET https://www.okx.com/api/v5/public/funding-rate?instId=ETH-USDT-SWAP "HTTP/1.1 200 OK"
2026-06-09 11:00:07,319 [carry] INFO: HTTP Request: GET https://www.okx.com/api/v5/public/funding-rate?instId=SOL-USDT-SWAP "HTTP/1.1 200 OK"
{
  "live": false,
  "scanned": [
    {
      "TRX": -71.27
    },
    {
      "ETH": -5.32
    },
    {
      "SOL": -0.77
    }
  ],
  "opened": [],
  "closed": [],
  "holding": [],
  "would": []
}
2026-06-09 12:00:04,747 [carry] INFO: carry_executor 模式: 🟢 DRY-RUN（不下单）（实盘需 CARRY_LIVE=1，且勿与主 bot 同币种同跑）
2026-06-09 12:00:05,515 [carry] INFO: HTTP Request: GET https://www.okx.com/api/v5/public/funding-rate?instId=TRX-USDT-SWAP "HTTP/1.1 200 OK"
2026-06-09 12:00:05,745 [carry] INFO: HTTP Request: GET https://www.okx.com/api/v5/public/funding-rate?instId=ETH-USDT-SWAP "HTTP/1.1 200 OK"
2026-06-09 12:00:06,516 [carry] INFO: HTTP Request: GET https://www.okx.com/api/v5/public/funding-rate?instId=SOL-USDT-SWAP "HTTP/1.1 200 OK"
{
  "live": false,
  "scanned": [
    {
      "TRX": -88.5
    },
    {
      "ETH": -4.75
    },
    {
      "SOL": -0.41
    }
  ],
  "opened": [],
  "closed": [],
  "holding": [],
  "would": []
}
2026-06-09 13:00:04,192 [carry] INFO: carry_executor 模式: 🟢 DRY-RUN（不下单）（实盘需 CARRY_LIVE=1，且勿与主 bot 同币种同跑）
2026-06-09 13:00:04,752 [carry] INFO: HTTP Request: GET https://www.okx.com/api/v5/public/funding-rate?instId=TRX-USDT-SWAP "HTTP/1.1 200 OK"
2026-06-09 13:00:04,883 [carry] INFO: HTTP Request: GET https://www.okx.com/api/v5/public/funding-rate?instId=ETH-USDT-SWAP "HTTP/1.1 200 OK"
2026-06-09 13:00:04,997 [carry] INFO: HTTP Request: GET https://www.okx.com/api/v5/public/funding-rate?instId=SOL-USDT-SWAP "HTTP/1.1 200 OK"
{
  "live": false,
  "scanned": [
    {
      "TRX": -94.44
    },
    {
      "ETH": -4.53
    },
    {
      "SOL": -1.06
    }
  ],
  "opened": [],
  "closed": [],
  "holding": [],
  "would": []
}
2026-06-09 14:00:05,583 [carry] INFO: carry_executor 模式: 🟢 DRY-RUN（不下单）（实盘需 CARRY_LIVE=1，且勿与主 bot 同币种同跑）
2026-06-09 14:00:07,312 [carry] INFO: HTTP Request: GET https://www.okx.com/api/v5/public/funding-rate?instId=TRX-USDT-SWAP "HTTP/1.1 200 OK"
2026-06-09 14:00:07,669 [carry] INFO: HTTP Request: GET https://www.okx.com/api/v5/public/funding-rate?instId=ETH-USDT-SWAP "HTTP/1.1 200 OK"
2026-06-09 14:00:08,401 [carry] INFO: HTTP Request: GET https://www.okx.com/api/v5/public/funding-rate?instId=SOL-USDT-SWAP "HTTP/1.1 200 OK"
{
  "live": false,
  "scanned": [
    {
      "TRX": -92.11
    },
    {
      "ETH": -3.71
    },
    {
      "SOL": -0.24
    }
  ],
  "opened": [],
  "closed": [],
  "holding": [],
  "would": []
}
2026-06-09 15:00:06,976 [carry] INFO: carry_executor 模式: 🟢 DRY-RUN（不下单）（实盘需 CARRY_LIVE=1，且勿与主 bot 同币种同跑）
2026-06-09 15:00:07,806 [carry] INFO: HTTP Request: GET https://www.okx.com/api/v5/public/funding-rate?instId=TRX-USDT-SWAP "HTTP/1.1 200 OK"
2026-06-09 15:00:08,424 [carry] INFO: HTTP Request: GET https://www.okx.com/api/v5/public/funding-rate?instId=ETH-USDT-SWAP "HTTP/1.1 200 OK"
2026-06-09 15:00:08,652 [carry] INFO: HTTP Request: GET https://www.okx.com/api/v5/public/funding-rate?instId=SOL-USDT-SWAP "HTTP/1.1 200 OK"
{
  "live": false,
  "scanned": [
    {
      "TRX": -82.09
    },
    {
      "ETH": -5.03
    },
    {
      "SOL": -0.17
    }
  ],
  "opened": [],
  "closed": [],
  "holding": [],
  "would": []
}
2026-06-09 16:00:04,465 [carry] INFO: carry_executor 模式: 🟢 DRY-RUN（不下单）（实盘需 CARRY_LIVE=1，且勿与主 bot 同币种同跑）
2026-06-09 16:00:07,567 [carry] INFO: HTTP Request: GET https://www.okx.com/api/v5/public/funding-rate?instId=TRX-USDT-SWAP "HTTP/1.1 200 OK"
2026-06-09 16:00:08,074 [carry] INFO: HTTP Request: GET https://www.okx.com/api/v5/public/funding-rate?instId=ETH-USDT-SWAP "HTTP/1.1 200 OK"
2026-06-09 16:00:08,773 [carry] INFO: HTTP Request: GET https://www.okx.com/api/v5/public/funding-rate?instId=SOL-USDT-SWAP "HTTP/1.1 200 OK"
{
  "live": false,
  "scanned": [
    {
      "TRX": -70.17
    },
    {
      "ETH": -6.82
    },
    {
      "SOL": 0.09
    }
  ],
  "opened": [],
  "closed": [],
  "holding": [],
  "would": []
}
2026-06-09 17:00:08,074 [carry] INFO: carry_executor 模式: 🟢 DRY-RUN（不下单）（实盘需 CARRY_LIVE=1，且勿与主 bot 同币种同跑）
2026-06-09 17:00:09,784 [carry] INFO: HTTP Request: GET https://www.okx.com/api/v5/public/funding-rate?instId=TRX-USDT-SWAP "HTTP/1.1 200 OK"
2026-06-09 17:00:10,160 [carry] INFO: HTTP Request: GET https://www.okx.com/api/v5/public/funding-rate?instId=ETH-USDT-SWAP "HTTP/1.1 200 OK"
2026-06-09 17:00:10,785 [carry] INFO: HTTP Request: GET https://www.okx.com/api/v5/public/funding-rate?instId=SOL-USDT-SWAP "HTTP/1.1 200 OK"
{
  "live": false,
  "scanned": [
    {
      "TRX": -57.52
    },
    {
      "ETH": -5.72
    },
    {
      "SOL": 1.17
    }
  ],
  "opened": [],
  "closed": [],
  "holding": [],
  "would": []
}
2026-06-09 18:00:05,334 [carry] INFO: carry_executor 模式: 🟢 DRY-RUN（不下单）（实盘需 CARRY_LIVE=1，且勿与主 bot 同币种同跑）
2026-06-09 18:00:05,690 [carry] INFO: HTTP Request: GET https://www.okx.com/api/v5/public/funding-rate?instId=TRX-USDT-SWAP "HTTP/1.1 200 OK"
2026-06-09 18:00:05,940 [carry] INFO: HTTP Request: GET https://www.okx.com/api/v5/public/funding-rate?instId=ETH-USDT-SWAP "HTTP/1.1 200 OK"
2026-06-09 18:00:06,182 [carry] INFO: HTTP Request: GET https://www.okx.com/api/v5/public/funding-rate?instId=SOL-USDT-SWAP "HTTP/1.1 200 OK"
{
  "live": false,
  "scanned": [
    {
      "TRX": -46.62
    },
    {
      "ETH": -3.06
    },
    {
      "SOL": 3.23
    }
  ],
  "opened": [],
  "closed": [],
  "holding": [],
  "would": []
}
2026-06-09 19:00:07,341 [carry] INFO: carry_executor 模式: 🟢 DRY-RUN（不下单）（实盘需 CARRY_LIVE=1，且勿与主 bot 同币种同跑）
2026-06-09 19:00:08,541 [carry] INFO: HTTP Request: GET https://www.okx.com/api/v5/public/funding-rate?instId=TRX-USDT-SWAP "HTTP/1.1 200 OK"
2026-06-09 19:00:08,792 [carry] INFO: HTTP Request: GET https://www.okx.com/api/v5/public/funding-rate?instId=ETH-USDT-SWAP "HTTP/1.1 200 OK"
2026-06-09 19:00:09,059 [carry] INFO: HTTP Request: GET https://www.okx.com/api/v5/public/funding-rate?instId=SOL-USDT-SWAP "HTTP/1.1 200 OK"
{
  "live": false,
  "scanned": [
    {
      "TRX": -47.25
    },
    {
      "ETH": -1.05
    },
    {
      "SOL": 4.72
    }
  ],
  "opened": [],
  "closed": [],
  "holding": [],
  "would": []
}
2026-06-09 20:00:05,056 [carry] INFO: carry_executor 模式: 🟢 DRY-RUN（不下单）（实盘需 CARRY_LIVE=1，且勿与主 bot 同币种同跑）
2026-06-09 20:00:06,202 [carry] INFO: HTTP Request: GET https://www.okx.com/api/v5/public/funding-rate?instId=TRX-USDT-SWAP "HTTP/1.1 200 OK"
2026-06-09 20:00:06,444 [carry] INFO: HTTP Request: GET https://www.okx.com/api/v5/public/funding-rate?instId=ETH-USDT-SWAP "HTTP/1.1 200 OK"
2026-06-09 20:00:07,721 [carry] INFO: HTTP Request: GET https://www.okx.com/api/v5/public/funding-rate?instId=SOL-USDT-SWAP "HTTP/1.1 200 OK"
{
  "live": false,
  "scanned": [
    {
      "TRX": -42.87
    },
    {
      "ETH": -2.24
    },
    {
      "SOL": 8.41
    }
  ],
  "opened": [],
  "closed": [],
  "holding": [],
  "would": []
}
2026-06-09 21:00:03,045 [carry] INFO: carry_executor 模式: 🟢 DRY-RUN（不下单）（实盘需 CARRY_LIVE=1，且勿与主 bot 同币种同跑）
2026-06-09 21:00:03,596 [carry] INFO: HTTP Request: GET https://www.okx.com/api/v5/public/funding-rate?instId=TRX-USDT-SWAP "HTTP/1.1 200 OK"
2026-06-09 21:00:03,741 [carry] INFO: HTTP Request: GET https://www.okx.com/api/v5/public/funding-rate?instId=ETH-USDT-SWAP "HTTP/1.1 200 OK"
2026-06-09 21:00:03,927 [carry] INFO: HTTP Request: GET https://www.okx.com/api/v5/public/funding-rate?instId=SOL-USDT-SWAP "HTTP/1.1 200 OK"
{
  "live": false,
  "scanned": [
    {
      "TRX": -39.36
    },
    {
      "ETH": -1.55
    },
    {
      "SOL": 10.0
    }
  ],
  "opened": [],
  "closed": [],
  "holding": [],
  "would": []
}
2026-06-09 22:00:03,879 [carry] INFO: carry_executor 模式: 🟢 DRY-RUN（不下单）（实盘需 CARRY_LIVE=1，且勿与主 bot 同币种同跑）
2026-06-09 22:00:04,453 [carry] INFO: HTTP Request: GET https://www.okx.com/api/v5/public/funding-rate?instId=TRX-USDT-SWAP "HTTP/1.1 200 OK"
2026-06-09 22:00:04,798 [carry] INFO: HTTP Request: GET https://www.okx.com/api/v5/public/funding-rate?instId=ETH-USDT-SWAP "HTTP/1.1 200 OK"
2026-06-09 22:00:04,925 [carry] INFO: HTTP Request: GET https://www.okx.com/api/v5/public/funding-rate?instId=SOL-USDT-SWAP "HTTP/1.1 200 OK"
{
  "live": false,
  "scanned": [
    {
      "TRX": -37.74
    },
    {
      "ETH": -0.74
    },
    {
      "SOL": 10.44
    }
  ],
  "opened": [],
  "closed": [],
  "holding": [],
  "would": []
}
2026-06-09 23:00:03,606 [carry] INFO: carry_executor 模式: 🟢 DRY-RUN（不下单）（实盘需 CARRY_LIVE=1，且勿与主 bot 同币种同跑）
2026-06-09 23:00:04,235 [carry] INFO: HTTP Request: GET https://www.okx.com/api/v5/public/funding-rate?instId=TRX-USDT-SWAP "HTTP/1.1 200 OK"
2026-06-09 23:00:04,417 [carry] INFO: HTTP Request: GET https://www.okx.com/api/v5/public/funding-rate?instId=ETH-USDT-SWAP "HTTP/1.1 200 OK"
2026-06-09 23:00:04,774 [carry] INFO: HTTP Request: GET https://www.okx.com/api/v5/public/funding-rate?instId=SOL-USDT-SWAP "HTTP/1.1 200 OK"
{
  "live": false,
  "scanned": [
    {
      "TRX": -33.13
    },
    {
      "ETH": 0.2
    },
    {
      "SOL": 10.85
    }
  ],
  "opened": [],
  "closed": [],
  "holding": [],
  "would": []
}
2026-06-10 00:00:05,280 [carry] INFO: carry_executor 模式: 🟢 DRY-RUN（不下单）（实盘需 CARRY_LIVE=1，且勿与主 bot 同币种同跑）
2026-06-10 00:00:08,040 [carry] INFO: HTTP Request: GET https://www.okx.com/api/v5/public/funding-rate?instId=TRX-USDT-SWAP "HTTP/1.1 200 OK"
2026-06-10 00:00:08,242 [carry] INFO: HTTP Request: GET https://www.okx.com/api/v5/public/funding-rate?instId=ETH-USDT-SWAP "HTTP/1.1 200 OK"
2026-06-10 00:00:08,575 [carry] INFO: HTTP Request: GET https://www.okx.com/api/v5/public/funding-rate?instId=SOL-USDT-SWAP "HTTP/1.1 200 OK"
{
  "live": false,
  "scanned": [
    {
      "TRX": -32.22
    },
    {
      "ETH": 1.73
    },
    {
      "SOL": 10.85
    }
  ],
  "opened": [],
  "closed": [],
  "holding": [],
  "would": []
}
2026-06-10 01:00:05,751 [carry] INFO: carry_executor 模式: 🟢 DRY-RUN（不下单）（实盘需 CARRY_LIVE=1，且勿与主 bot 同币种同跑）
2026-06-10 01:00:08,388 [carry] INFO: HTTP Request: GET https://www.okx.com/api/v5/public/funding-rate?instId=TRX-USDT-SWAP "HTTP/1.1 200 OK"
2026-06-10 01:00:09,291 [carry] INFO: HTTP Request: GET https://www.okx.com/api/v5/public/funding-rate?instId=ETH-USDT-SWAP "HTTP/1.1 200 OK"
2026-06-10 01:00:10,035 [carry] INFO: HTTP Request: GET https://www.okx.com/api/v5/public/funding-rate?instId=SOL-USDT-SWAP "HTTP/1.1 200 OK"
{
  "live": false,
  "scanned": [
    {
      "TRX": -33.42
    },
    {
      "ETH": 0.79
    },
    {
      "SOL": 10.34
    }
  ],
  "opened": [],
  "closed": [],
  "holding": [],
  "would": []
}
2026-06-10 02:00:07,585 [carry] INFO: carry_executor 模式: 🟢 DRY-RUN（不下单）（实盘需 CARRY_LIVE=1，且勿与主 bot 同币种同跑）
2026-06-10 02:00:08,769 [carry] INFO: HTTP Request: GET https://www.okx.com/api/v5/public/funding-rate?instId=TRX-USDT-SWAP "HTTP/1.1 200 OK"
2026-06-10 02:00:09,161 [carry] INFO: HTTP Request: GET https://www.okx.com/api/v5/public/funding-rate?instId=ETH-USDT-SWAP "HTTP/1.1 200 OK"
2026-06-10 02:00:09,414 [carry] INFO: HTTP Request: GET https://www.okx.com/api/v5/public/funding-rate?instId=SOL-USDT-SWAP "HTTP/1.1 200 OK"
{
  "live": false,
  "scanned": [
    {
      "TRX": -32.38
    },
    {
      "ETH": 0.96
    },
    {
      "SOL": 7.75
    }
  ],
  "opened": [],
  "closed": [],
  "holding": [],
  "would": []
}
2026-06-10 03:00:06,500 [carry] INFO: carry_executor 模式: 🟢 DRY-RUN（不下单）（实盘需 CARRY_LIVE=1，且勿与主 bot 同币种同跑）
2026-06-10 03:00:07,637 [carry] INFO: HTTP Request: GET https://www.okx.com/api/v5/public/funding-rate?instId=TRX-USDT-SWAP "HTTP/1.1 200 OK"
2026-06-10 03:00:08,053 [carry] INFO: HTTP Request: GET https://www.okx.com/api/v5/public/funding-rate?instId=ETH-USDT-SWAP "HTTP/1.1 200 OK"
2026-06-10 03:00:08,555 [carry] INFO: HTTP Request: GET https://www.okx.com/api/v5/public/funding-rate?instId=SOL-USDT-SWAP "HTTP/1.1 200 OK"
{
  "live": false,
  "scanned": [
    {
      "TRX": -35.69
    },
    {
      "ETH": 0.5
    },
    {
      "SOL": 6.44
    }
  ],
  "opened": [],
  "closed": [],
  "holding": [],
  "would": []
}
2026-06-10 04:00:03,786 [carry] INFO: carry_executor 模式: 🟢 DRY-RUN（不下单）（实盘需 CARRY_LIVE=1，且勿与主 bot 同币种同跑）
2026-06-10 04:00:04,478 [carry] INFO: HTTP Request: GET https://www.okx.com/api/v5/public/funding-rate?instId=TRX-USDT-SWAP "HTTP/1.1 200 OK"
2026-06-10 04:00:04,647 [carry] INFO: HTTP Request: GET https://www.okx.com/api/v5/public/funding-rate?instId=ETH-USDT-SWAP "HTTP/1.1 200 OK"
2026-06-10 04:00:04,836 [carry] INFO: HTTP Request: GET https://www.okx.com/api/v5/public/funding-rate?instId=SOL-USDT-SWAP "HTTP/1.1 200 OK"
{
  "live": false,
  "scanned": [
    {
      "TRX": -41.01
    },
    {
      "ETH": -0.72
    },
    {
      "SOL": 3.92
    }
  ],
  "opened": [],
  "closed": [],
  "holding": [],
  "would": []
}
2026-06-10 05:00:06,947 [carry] INFO: carry_executor 模式: 🟢 DRY-RUN（不下单）（实盘需 CARRY_LIVE=1，且勿与主 bot 同币种同跑）
2026-06-10 05:00:08,541 [carry] INFO: HTTP Request: GET https://www.okx.com/api/v5/public/funding-rate?instId=TRX-USDT-SWAP "HTTP/1.1 200 OK"
2026-06-10 05:00:08,735 [carry] INFO: HTTP Request: GET https://www.okx.com/api/v5/public/funding-rate?instId=ETH-USDT-SWAP "HTTP/1.1 200 OK"
2026-06-10 05:00:08,967 [carry] INFO: HTTP Request: GET https://www.okx.com/api/v5/public/funding-rate?instId=SOL-USDT-SWAP "HTTP/1.1 200 OK"
{
  "live": false,
  "scanned": [
    {
      "TRX": -48.62
    },
    {
      "ETH": -1.96
    },
    {
      "SOL": 1.6
    }
  ],
  "opened": [],
  "closed": [],
  "holding": [],
  "would": []
}
2026-06-10 06:00:10,492 [carry] INFO: carry_executor 模式: 🟢 DRY-RUN（不下单）（实盘需 CARRY_LIVE=1，且勿与主 bot 同币种同跑）
2026-06-10 06:00:14,255 [carry] INFO: HTTP Request: GET https://www.okx.com/api/v5/public/funding-rate?instId=TRX-USDT-SWAP "HTTP/1.1 200 OK"
2026-06-10 06:00:14,380 [carry] INFO: HTTP Request: GET https://www.okx.com/api/v5/public/funding-rate?instId=ETH-USDT-SWAP "HTTP/1.1 200 OK"
2026-06-10 06:00:16,413 [carry] INFO: HTTP Request: GET https://www.okx.com/api/v5/public/funding-rate?instId=SOL-USDT-SWAP "HTTP/1.1 200 OK"
{
  "live": false,
  "scanned": [
    {
      "TRX": -50.79
    },
    {
      "ETH": -1.59
    },
    {
      "SOL": 0.67
    }
  ],
  "opened": [],
  "closed": [],
  "holding": [],
  "would": []
}
2026-06-10 07:00:05,004 [carry] INFO: carry_executor 模式: 🟢 DRY-RUN（不下单）（实盘需 CARRY_LIVE=1，且勿与主 bot 同币种同跑）
2026-06-10 07:00:06,335 [carry] INFO: HTTP Request: GET https://www.okx.com/api/v5/public/funding-rate?instId=TRX-USDT-SWAP "HTTP/1.1 200 OK"
2026-06-10 07:00:06,483 [carry] INFO: HTTP Request: GET https://www.okx.com/api/v5/public/funding-rate?instId=ETH-USDT-SWAP "HTTP/1.1 200 OK"
2026-06-10 07:00:06,730 [carry] INFO: HTTP Request: GET https://www.okx.com/api/v5/public/funding-rate?instId=SOL-USDT-SWAP "HTTP/1.1 200 OK"
{
  "live": false,
  "scanned": [
    {
      "TRX": -50.47
    },
    {
      "ETH": -1.09
    },
    {
      "SOL": 1.6
    }
  ],
  "opened": [],
  "closed": [],
  "holding": [],
  "would": []
}
2026-06-10 08:00:06,354 [carry] INFO: carry_executor 模式: 🟢 DRY-RUN（不下单）（实盘需 CARRY_LIVE=1，且勿与主 bot 同币种同跑）
2026-06-10 08:00:07,283 [carry] INFO: HTTP Request: GET https://www.okx.com/api/v5/public/funding-rate?instId=TRX-USDT-SWAP "HTTP/1.1 200 OK"
2026-06-10 08:00:07,535 [carry] INFO: HTTP Request: GET https://www.okx.com/api/v5/public/funding-rate?instId=ETH-USDT-SWAP "HTTP/1.1 200 OK"
2026-06-10 08:00:07,756 [carry] INFO: HTTP Request: GET https://www.okx.com/api/v5/public/funding-rate?instId=SOL-USDT-SWAP "HTTP/1.1 200 OK"
{
  "live": false,
  "scanned": [
    {
      "TRX": -45.36
    },
    {
      "ETH": -1.04
    },
    {
      "SOL": 1.58
    }
  ],
  "opened": [],
  "closed": [],
  "holding": [],
  "would": []
}
2026-06-10 09:00:09,150 [carry] INFO: carry_executor 模式: 🟢 DRY-RUN（不下单）（实盘需 CARRY_LIVE=1，且勿与主 bot 同币种同跑）
2026-06-10 09:00:11,213 [carry] INFO: HTTP Request: GET https://www.okx.com/api/v5/public/funding-rate?instId=TRX-USDT-SWAP "HTTP/1.1 200 OK"
2026-06-10 09:00:11,432 [carry] INFO: HTTP Request: GET https://www.okx.com/api/v5/public/funding-rate?instId=ETH-USDT-SWAP "HTTP/1.1 200 OK"
2026-06-10 09:00:11,789 [carry] INFO: HTTP Request: GET https://www.okx.com/api/v5/public/funding-rate?instId=SOL-USDT-SWAP "HTTP/1.1 200 OK"
{
  "live": false,
  "scanned": [
    {
      "TRX": -37.3
    },
    {
      "ETH": 0.08
    },
    {
      "SOL": 1.71
    }
  ],
  "opened": [],
  "closed": [],
  "holding": [],
  "would": []
}
2026-06-10 10:00:09,425 [carry] INFO: carry_executor 模式: 🟢 DRY-RUN（不下单）（实盘需 CARRY_LIVE=1，且勿与主 bot 同币种同跑）
2026-06-10 10:00:10,963 [carry] INFO: HTTP Request: GET https://www.okx.com/api/v5/public/funding-rate?instId=TRX-USDT-SWAP "HTTP/1.1 200 OK"
2026-06-10 10:00:11,325 [carry] INFO: HTTP Request: GET https://www.okx.com/api/v5/public/funding-rate?instId=ETH-USDT-SWAP "HTTP/1.1 200 OK"
2026-06-10 10:00:11,715 [carry] INFO: HTTP Request: GET https://www.okx.com/api/v5/public/funding-rate?instId=SOL-USDT-SWAP "HTTP/1.1 200 OK"
{
  "live": false,
  "scanned": [
    {
      "TRX": -27.33
    },
    {
      "ETH": -0.06
    },
    {
      "SOL": 1.42
    }
  ],
  "opened": [],
  "closed": [],
  "holding": [],
  "would": []
}
2026-06-10 11:00:16,209 [carry] INFO: carry_executor 模式: 🟢 DRY-RUN（不下单）（实盘需 CARRY_LIVE=1，且勿与主 bot 同币种同跑）
2026-06-10 11:00:19,155 [carry] INFO: HTTP Request: GET https://www.okx.com/api/v5/public/funding-rate?instId=TRX-USDT-SWAP "HTTP/1.1 200 OK"
2026-06-10 11:00:20,390 [carry] INFO: HTTP Request: GET https://www.okx.com/api/v5/public/funding-rate?instId=ETH-USDT-SWAP "HTTP/1.1 200 OK"
2026-06-10 11:00:20,807 [carry] INFO: HTTP Request: GET https://www.okx.com/api/v5/public/funding-rate?instId=SOL-USDT-SWAP "HTTP/1.1 200 OK"
{
  "live": false,
  "scanned": [
    {
      "TRX": -26.25
    },
    {
      "ETH": 1.41
    },
    {
      "SOL": 2.21
    }
  ],
  "opened": [],
  "closed": [],
  "holding": [],
  "would": []
}
2026-06-10 12:00:08,979 [carry] INFO: carry_executor 模式: 🟢 DRY-RUN（不下单）（实盘需 CARRY_LIVE=1，且勿与主 bot 同币种同跑）
2026-06-10 12:00:12,971 [carry] INFO: HTTP Request: GET https://www.okx.com/api/v5/public/funding-rate?instId=TRX-USDT-SWAP "HTTP/1.1 200 OK"
2026-06-10 12:00:13,855 [carry] INFO: HTTP Request: GET https://www.okx.com/api/v5/public/funding-rate?instId=ETH-USDT-SWAP "HTTP/1.1 200 OK"
2026-06-10 12:00:16,222 [carry] INFO: HTTP Request: GET https://www.okx.com/api/v5/public/funding-rate?instId=SOL-USDT-SWAP "HTTP/1.1 200 OK"
{
  "live": false,
  "scanned": [
    {
      "TRX": -22.94
    },
    {
      "ETH": 0.71
    },
    {
      "SOL": 3.28
    }
  ],
  "opened": [],
  "closed": [],
  "holding": [],
  "would": []
}
2026-06-10 13:00:08,928 [carry] INFO: carry_executor 模式: 🟢 DRY-RUN（不下单）（实盘需 CARRY_LIVE=1，且勿与主 bot 同币种同跑）
2026-06-10 13:00:09,952 [carry] INFO: HTTP Request: GET https://www.okx.com/api/v5/public/funding-rate?instId=TRX-USDT-SWAP "HTTP/1.1 200 OK"
2026-06-10 13:00:10,790 [carry] INFO: HTTP Request: GET https://www.okx.com/api/v5/public/funding-rate?instId=ETH-USDT-SWAP "HTTP/1.1 200 OK"
2026-06-10 13:00:14,481 [carry] INFO: HTTP Request: GET https://www.okx.com/api/v5/public/funding-rate?instId=SOL-USDT-SWAP "HTTP/1.1 200 OK"
{
  "live": false,
  "scanned": [
    {
      "TRX": -18.71
    },
    {
      "ETH": -0.74
    },
    {
      "SOL": 6.0
    }
  ],
  "opened": [],
  "closed": [],
  "holding": [],
  "would": []
}
2026-06-10 14:00:09,171 [carry] INFO: carry_executor 模式: 🟢 DRY-RUN（不下单）（实盘需 CARRY_LIVE=1，且勿与主 bot 同币种同跑）
2026-06-10 14:00:14,095 [carry] INFO: HTTP Request: GET https://www.okx.com/api/v5/public/funding-rate?instId=TRX-USDT-SWAP "HTTP/1.1 200 OK"
2026-06-10 14:00:14,763 [carry] INFO: HTTP Request: GET https://www.okx.com/api/v5/public/funding-rate?instId=ETH-USDT-SWAP "HTTP/1.1 200 OK"
2026-06-10 14:00:16,887 [carry] INFO: HTTP Request: GET https://www.okx.com/api/v5/public/funding-rate?instId=SOL-USDT-SWAP "HTTP/1.1 200 OK"
{
  "live": false,
  "scanned": [
    {
      "TRX": -14.14
    },
    {
      "ETH": -3.83
    },
    {
      "SOL": 7.42
    }
  ],
  "opened": [],
  "closed": [],
  "holding": [],
  "would": []
}
2026-06-10 15:00:08,350 [carry] INFO: carry_executor 模式: 🟢 DRY-RUN（不下单）（实盘需 CARRY_LIVE=1，且勿与主 bot 同币种同跑）
2026-06-10 15:00:10,047 [carry] INFO: HTTP Request: GET https://www.okx.com/api/v5/public/funding-rate?instId=TRX-USDT-SWAP "HTTP/1.1 200 OK"
2026-06-10 15:00:11,778 [carry] INFO: HTTP Request: GET https://www.okx.com/api/v5/public/funding-rate?instId=ETH-USDT-SWAP "HTTP/1.1 200 OK"
2026-06-10 15:00:11,979 [carry] INFO: HTTP Request: GET https://www.okx.com/api/v5/public/funding-rate?instId=SOL-USDT-SWAP "HTTP/1.1 200 OK"
{
  "live": false,
  "scanned": [
    {
      "TRX": -12.01
    },
    {
      "ETH": -6.56
    },
    {
      "SOL": 8.29
    }
  ],
  "opened": [],
  "closed": [],
  "holding": [],
  "would": []
}
2026-06-10 16:00:09,446 [carry] INFO: carry_executor 模式: 🟢 DRY-RUN（不下单）（实盘需 CARRY_LIVE=1，且勿与主 bot 同币种同跑）
2026-06-10 16:00:13,708 [carry] INFO: HTTP Request: GET https://www.okx.com/api/v5/public/funding-rate?instId=TRX-USDT-SWAP "HTTP/1.1 200 OK"
2026-06-10 16:00:13,940 [carry] INFO: HTTP Request: GET https://www.okx.com/api/v5/public/funding-rate?instId=ETH-USDT-SWAP "HTTP/1.1 200 OK"
2026-06-10 16:00:14,115 [carry] INFO: HTTP Request: GET https://www.okx.com/api/v5/public/funding-rate?instId=SOL-USDT-SWAP "HTTP/1.1 200 OK"
{
  "live": false,
  "scanned": [
    {
      "TRX": -12.67
    },
    {
      "ETH": -6.94
    },
    {
      "SOL": 9.24
    }
  ],
  "opened": [],
  "closed": [],
  "holding": [],
  "would": []
}
2026-06-10 17:00:04,477 [carry] INFO: carry_executor 模式: 🟢 DRY-RUN（不下单）（实盘需 CARRY_LIVE=1，且勿与主 bot 同币种同跑）
2026-06-10 17:00:05,286 [carry] INFO: HTTP Request: GET https://www.okx.com/api/v5/public/funding-rate?instId=TRX-USDT-SWAP "HTTP/1.1 200 OK"
2026-06-10 17:00:05,558 [carry] INFO: HTTP Request: GET https://www.okx.com/api/v5/public/funding-rate?instId=ETH-USDT-SWAP "HTTP/1.1 200 OK"
2026-06-10 17:00:06,020 [carry] INFO: HTTP Request: GET https://www.okx.com/api/v5/public/funding-rate?instId=SOL-USDT-SWAP "HTTP/1.1 200 OK"
{
  "live": false,
  "scanned": [
    {
      "TRX": -16.75
    },
    {
      "ETH": -6.67
    },
    {
      "SOL": 6.49
    }
  ],
  "opened": [],
  "closed": [],
  "holding": [],
  "would": []
}
2026-06-10 18:00:06,425 [carry] INFO: carry_executor 模式: 🟢 DRY-RUN（不下单）（实盘需 CARRY_LIVE=1，且勿与主 bot 同币种同跑）
2026-06-10 18:00:07,313 [carry] INFO: HTTP Request: GET https://www.okx.com/api/v5/public/funding-rate?instId=TRX-USDT-SWAP "HTTP/1.1 200 OK"
2026-06-10 18:00:07,504 [carry] INFO: HTTP Request: GET https://www.okx.com/api/v5/public/funding-rate?instId=ETH-USDT-SWAP "HTTP/1.1 200 OK"
2026-06-10 18:00:07,926 [carry] INFO: HTTP Request: GET https://www.okx.com/api/v5/public/funding-rate?instId=SOL-USDT-SWAP "HTTP/1.1 200 OK"
{
  "live": false,
  "scanned": [
    {
      "TRX": -20.35
    },
    {
      "ETH": -5.45
    },
    {
      "SOL": 3.46
    }
  ],
  "opened": [],
  "closed": [],
  "holding": [],
  "would": []
}
2026-06-10 19:00:09,881 [carry] INFO: carry_executor 模式: 🟢 DRY-RUN（不下单）（实盘需 CARRY_LIVE=1，且勿与主 bot 同币种同跑）
2026-06-10 19:00:11,612 [carry] INFO: HTTP Request: GET https://www.okx.com/api/v5/public/funding-rate?instId=TRX-USDT-SWAP "HTTP/1.1 200 OK"
2026-06-10 19:00:12,169 [carry] INFO: HTTP Request: GET https://www.okx.com/api/v5/public/funding-rate?instId=ETH-USDT-SWAP "HTTP/1.1 200 OK"
2026-06-10 19:00:12,356 [carry] INFO: HTTP Request: GET https://www.okx.com/api/v5/public/funding-rate?instId=SOL-USDT-SWAP "HTTP/1.1 200 OK"
{
  "live": false,
  "scanned": [
    {
      "TRX": -23.18
    },
    {
      "ETH": -3.43
    },
    {
      "SOL": 1.4
    }
  ],
  "opened": [],
  "closed": [],
  "holding": [],
  "would": []
}
2026-06-10 20:00:10,148 [carry] INFO: carry_executor 模式: 🟢 DRY-RUN（不下单）（实盘需 CARRY_LIVE=1，且勿与主 bot 同币种同跑）
2026-06-10 20:00:13,005 [carry] INFO: HTTP Request: GET https://www.okx.com/api/v5/public/funding-rate?instId=TRX-USDT-SWAP "HTTP/1.1 200 OK"
2026-06-10 20:00:14,181 [carry] INFO: HTTP Request: GET https://www.okx.com/api/v5/public/funding-rate?instId=ETH-USDT-SWAP "HTTP/1.1 200 OK"
2026-06-10 20:00:15,614 [carry] INFO: HTTP Request: GET https://www.okx.com/api/v5/public/funding-rate?instId=SOL-USDT-SWAP "HTTP/1.1 200 OK"
{
  "live": false,
  "scanned": [
    {
      "TRX": -27.44
    },
    {
      "ETH": -0.69
    },
    {
      "SOL": -0.77
    }
  ],
  "opened": [],
  "closed": [],
  "holding": [],
  "would": []
}
2026-06-10 21:00:09,541 [carry] INFO: carry_executor 模式: 🟢 DRY-RUN（不下单）（实盘需 CARRY_LIVE=1，且勿与主 bot 同币种同跑）
2026-06-10 21:00:10,471 [carry] INFO: HTTP Request: GET https://www.okx.com/api/v5/public/funding-rate?instId=TRX-USDT-SWAP "HTTP/1.1 200 OK"
2026-06-10 21:00:10,712 [carry] INFO: HTTP Request: GET https://www.okx.com/api/v5/public/funding-rate?instId=ETH-USDT-SWAP "HTTP/1.1 200 OK"
2026-06-10 21:00:10,964 [carry] INFO: HTTP Request: GET https://www.okx.com/api/v5/public/funding-rate?instId=SOL-USDT-SWAP "HTTP/1.1 200 OK"
{
  "live": false,
  "scanned": [
    {
      "TRX": -32.94
    },
    {
      "ETH": -0.49
    },
    {
      "SOL": -3.97
    }
  ],
  "opened": [],
  "closed": [],
  "holding": [],
  "would": []
}
2026-06-10 22:00:05,608 [carry] INFO: carry_executor 模式: 🟢 DRY-RUN（不下单）（实盘需 CARRY_LIVE=1，且勿与主 bot 同币种同跑）
2026-06-10 22:00:08,631 [carry] INFO: HTTP Request: GET https://www.okx.com/api/v5/public/funding-rate?instId=TRX-USDT-SWAP "HTTP/1.1 200 OK"
2026-06-10 22:00:11,795 [carry] INFO: HTTP Request: GET https://www.okx.com/api/v5/public/funding-rate?instId=ETH-USDT-SWAP "HTTP/1.1 200 OK"
2026-06-10 22:00:13,934 [carry] INFO: HTTP Request: GET https://www.okx.com/api/v5/public/funding-rate?instId=SOL-USDT-SWAP "HTTP/1.1 200 OK"
{
  "live": false,
  "scanned": [
    {
      "TRX": -35.56
    },
    {
      "ETH": 1.15
    },
    {
      "SOL": -5.37
    }
  ],
  "opened": [],
  "closed": [],
  "holding": [],
  "would": []
}
2026-06-10 23:00:04,126 [carry] INFO: carry_executor 模式: 🟢 DRY-RUN（不下单）（实盘需 CARRY_LIVE=1，且勿与主 bot 同币种同跑）
2026-06-10 23:00:08,995 [carry] INFO: HTTP Request: GET https://www.okx.com/api/v5/public/funding-rate?instId=TRX-USDT-SWAP "HTTP/1.1 200 OK"
2026-06-10 23:00:09,483 [carry] INFO: HTTP Request: GET https://www.okx.com/api/v5/public/funding-rate?instId=ETH-USDT-SWAP "HTTP/1.1 200 OK"
2026-06-10 23:00:09,777 [carry] INFO: HTTP Request: GET https://www.okx.com/api/v5/public/funding-rate?instId=SOL-USDT-SWAP "HTTP/1.1 200 OK"
{
  "live": false,
  "scanned": [
    {
      "TRX": -36.3
    },
    {
      "ETH": -0.3
    },
    {
      "SOL": -6.55
    }
  ],
  "opened": [],
  "closed": [],
  "holding": [],
  "would": []
}
2026-06-11 00:00:10,675 [carry] INFO: carry_executor 模式: 🟢 DRY-RUN（不下单）（实盘需 CARRY_LIVE=1，且勿与主 bot 同币种同跑）
2026-06-11 00:00:11,578 [carry] INFO: HTTP Request: GET https://www.okx.com/api/v5/public/funding-rate?instId=TRX-USDT-SWAP "HTTP/1.1 200 OK"
2026-06-11 00:00:11,801 [carry] INFO: HTTP Request: GET https://www.okx.com/api/v5/public/funding-rate?instId=ETH-USDT-SWAP "HTTP/1.1 200 OK"
2026-06-11 00:00:11,929 [carry] INFO: HTTP Request: GET https://www.okx.com/api/v5/public/funding-rate?instId=SOL-USDT-SWAP "HTTP/1.1 200 OK"
{
  "live": false,
  "scanned": [
    {
      "TRX": -35.68
    },
    {
      "ETH": -1.29
    },
    {
      "SOL": -6.13
    }
  ],
  "opened": [],
  "closed": [],
  "holding": [],
  "would": []
}
2026-06-11 01:00:07,424 [carry] INFO: carry_executor 模式: 🟢 DRY-RUN（不下单）（实盘需 CARRY_LIVE=1，且勿与主 bot 同币种同跑）
2026-06-11 01:00:08,295 [carry] INFO: HTTP Request: GET https://www.okx.com/api/v5/public/funding-rate?instId=TRX-USDT-SWAP "HTTP/1.1 200 OK"
2026-06-11 01:00:08,877 [carry] INFO: HTTP Request: GET https://www.okx.com/api/v5/public/funding-rate?instId=ETH-USDT-SWAP "HTTP/1.1 200 OK"
2026-06-11 01:00:09,094 [carry] INFO: HTTP Request: GET https://www.okx.com/api/v5/public/funding-rate?instId=SOL-USDT-SWAP "HTTP/1.1 200 OK"
{
  "live": false,
  "scanned": [
    {
      "TRX": -37.33
    },
    {
      "ETH": -4.32
    },
    {
      "SOL": -6.69
    }
  ],
  "opened": [],
  "closed": [],
  "holding": [],
  "would": []
}
2026-06-11 02:00:04,033 [carry] INFO: carry_executor 模式: 🟢 DRY-RUN（不下单）（实盘需 CARRY_LIVE=1，且勿与主 bot 同币种同跑）
2026-06-11 02:00:06,023 [carry] INFO: HTTP Request: GET https://www.okx.com/api/v5/public/funding-rate?instId=TRX-USDT-SWAP "HTTP/1.1 200 OK"
2026-06-11 02:00:06,248 [carry] INFO: HTTP Request: GET https://www.okx.com/api/v5/public/funding-rate?instId=ETH-USDT-SWAP "HTTP/1.1 200 OK"
2026-06-11 02:00:06,483 [carry] INFO: HTTP Request: GET https://www.okx.com/api/v5/public/funding-rate?instId=SOL-USDT-SWAP "HTTP/1.1 200 OK"
{
  "live": false,
  "scanned": [
    {
      "TRX": -38.13
    },
    {
      "ETH": -6.99
    },
    {
      "SOL": -6.56
    }
  ],
  "opened": [],
  "closed": [],
  "holding": [],
  "would": []
}
2026-06-11 03:00:07,707 [carry] INFO: carry_executor 模式: 🟢 DRY-RUN（不下单）（实盘需 CARRY_LIVE=1，且勿与主 bot 同币种同跑）
2026-06-11 03:00:09,327 [carry] INFO: HTTP Request: GET https://www.okx.com/api/v5/public/funding-rate?instId=TRX-USDT-SWAP "HTTP/1.1 200 OK"
2026-06-11 03:00:09,618 [carry] INFO: HTTP Request: GET https://www.okx.com/api/v5/public/funding-rate?instId=ETH-USDT-SWAP "HTTP/1.1 200 OK"
2026-06-11 03:00:09,868 [carry] INFO: HTTP Request: GET https://www.okx.com/api/v5/public/funding-rate?instId=SOL-USDT-SWAP "HTTP/1.1 200 OK"
{
  "live": false,
  "scanned": [
    {
      "TRX": -38.93
    },
    {
      "ETH": -8.65
    },
    {
      "SOL": -5.47
    }
  ],
  "opened": [],
  "closed": [],
  "holding": [],
  "would": []
}
2026-06-11 04:00:07,121 [carry] INFO: carry_executor 模式: 🟢 DRY-RUN（不下单）（实盘需 CARRY_LIVE=1，且勿与主 bot 同币种同跑）
2026-06-11 04:00:09,987 [carry] INFO: HTTP Request: GET https://www.okx.com/api/v5/public/funding-rate?instId=TRX-USDT-SWAP "HTTP/1.1 200 OK"
2026-06-11 04:00:10,106 [carry] INFO: HTTP Request: GET https://www.okx.com/api/v5/public/funding-rate?instId=ETH-USDT-SWAP "HTTP/1.1 200 OK"
2026-06-11 04:00:10,436 [carry] INFO: HTTP Request: GET https://www.okx.com/api/v5/public/funding-rate?instId=SOL-USDT-SWAP "HTTP/1.1 200 OK"
{
  "live": false,
  "scanned": [
    {
      "TRX": -35.03
    },
    {
      "ETH": -9.9
    },
    {
      "SOL": -3.02
    }
  ],
  "opened": [],
  "closed": [],
  "holding": [],
  "would": []
}
2026-06-11 05:00:04,447 [carry] INFO: carry_executor 模式: 🟢 DRY-RUN（不下单）（实盘需 CARRY_LIVE=1，且勿与主 bot 同币种同跑）
2026-06-11 05:00:05,149 [carry] INFO: HTTP Request: GET https://www.okx.com/api/v5/public/funding-rate?instId=TRX-USDT-SWAP "HTTP/1.1 200 OK"
2026-06-11 05:00:06,421 [carry] INFO: HTTP Request: GET https://www.okx.com/api/v5/public/funding-rate?instId=ETH-USDT-SWAP "HTTP/1.1 200 OK"
2026-06-11 05:00:06,638 [carry] INFO: HTTP Request: GET https://www.okx.com/api/v5/public/funding-rate?instId=SOL-USDT-SWAP "HTTP/1.1 200 OK"
{
  "live": false,
  "scanned": [
    {
      "TRX": -29.6
    },
    {
      "ETH": -10.68
    },
    {
      "SOL": -3.21
    }
  ],
  "opened": [],
  "closed": [],
  "holding": [],
  "would": []
}
2026-06-11 06:00:04,636 [carry] INFO: carry_executor 模式: 🟢 DRY-RUN（不下单）（实盘需 CARRY_LIVE=1，且勿与主 bot 同币种同跑）
2026-06-11 06:00:05,278 [carry] INFO: HTTP Request: GET https://www.okx.com/api/v5/public/funding-rate?instId=TRX-USDT-SWAP "HTTP/1.1 200 OK"
2026-06-11 06:00:07,653 [carry] INFO: HTTP Request: GET https://www.okx.com/api/v5/public/funding-rate?instId=ETH-USDT-SWAP "HTTP/1.1 200 OK"
2026-06-11 06:00:07,848 [carry] INFO: HTTP Request: GET https://www.okx.com/api/v5/public/funding-rate?instId=SOL-USDT-SWAP "HTTP/1.1 200 OK"
{
  "live": false,
  "scanned": [
    {
      "TRX": -25.01
    },
    {
      "ETH": -11.13
    },
    {
      "SOL": -2.76
    }
  ],
  "opened": [],
  "closed": [],
  "holding": [],
  "would": []
}
2026-06-11 07:00:07,418 [carry] INFO: carry_executor 模式: 🟢 DRY-RUN（不下单）（实盘需 CARRY_LIVE=1，且勿与主 bot 同币种同跑）
2026-06-11 07:00:10,617 [carry] INFO: HTTP Request: GET https://www.okx.com/api/v5/public/funding-rate?instId=TRX-USDT-SWAP "HTTP/1.1 200 OK"
2026-06-11 07:00:10,870 [carry] INFO: HTTP Request: GET https://www.okx.com/api/v5/public/funding-rate?instId=ETH-USDT-SWAP "HTTP/1.1 200 OK"
2026-06-11 07:00:11,085 [carry] INFO: HTTP Request: GET https://www.okx.com/api/v5/public/funding-rate?instId=SOL-USDT-SWAP "HTTP/1.1 200 OK"
{
  "live": false,
  "scanned": [
    {
      "TRX": -20.92
    },
    {
      "ETH": -10.45
    },
    {
      "SOL": -1.28
    }
  ],
  "opened": [],
  "closed": [],
  "holding": [],
  "would": []
}
2026-06-11 08:00:07,805 [carry] INFO: carry_executor 模式: 🟢 DRY-RUN（不下单）（实盘需 CARRY_LIVE=1，且勿与主 bot 同币种同跑）
2026-06-11 08:00:17,604 [carry] INFO: HTTP Request: GET https://www.okx.com/api/v5/public/funding-rate?instId=TRX-USDT-SWAP "HTTP/1.1 200 OK"
2026-06-11 08:00:17,878 [carry] INFO: HTTP Request: GET https://www.okx.com/api/v5/public/funding-rate?instId=ETH-USDT-SWAP "HTTP/1.1 200 OK"
2026-06-11 08:00:18,533 [carry] INFO: HTTP Request: GET https://www.okx.com/api/v5/public/funding-rate?instId=SOL-USDT-SWAP "HTTP/1.1 200 OK"
{
  "live": false,
  "scanned": [
    {
      "TRX": -19.5
    },
    {
      "ETH": -9.17
    },
    {
      "SOL": 0.54
    }
  ],
  "opened": [],
  "closed": [],
  "holding": [],
  "would": []
}
2026-06-11 09:00:07,177 [carry] INFO: carry_executor 模式: 🟢 DRY-RUN（不下单）（实盘需 CARRY_LIVE=1，且勿与主 bot 同币种同跑）
2026-06-11 09:00:07,989 [carry] INFO: HTTP Request: GET https://www.okx.com/api/v5/public/funding-rate?instId=TRX-USDT-SWAP "HTTP/1.1 200 OK"
2026-06-11 09:00:08,604 [carry] INFO: HTTP Request: GET https://www.okx.com/api/v5/public/funding-rate?instId=ETH-USDT-SWAP "HTTP/1.1 200 OK"
2026-06-11 09:00:08,930 [carry] INFO: HTTP Request: GET https://www.okx.com/api/v5/public/funding-rate?instId=SOL-USDT-SWAP "HTTP/1.1 200 OK"
{
  "live": false,
  "scanned": [
    {
      "TRX": -18.66
    },
    {
      "ETH": -9.06
    },
    {
      "SOL": 2.91
    }
  ],
  "opened": [],
  "closed": [],
  "holding": [],
  "would": []
}
2026-06-11 10:00:13,486 [carry] INFO: carry_executor 模式: 🟢 DRY-RUN（不下单）（实盘需 CARRY_LIVE=1，且勿与主 bot 同币种同跑）
2026-06-11 10:00:17,194 [carry] INFO: HTTP Request: GET https://www.okx.com/api/v5/public/funding-rate?instId=TRX-USDT-SWAP "HTTP/1.1 200 OK"
2026-06-11 10:00:17,316 [carry] INFO: HTTP Request: GET https://www.okx.com/api/v5/public/funding-rate?instId=ETH-USDT-SWAP "HTTP/1.1 200 OK"
2026-06-11 10:00:17,825 [carry] INFO: HTTP Request: GET https://www.okx.com/api/v5/public/funding-rate?instId=SOL-USDT-SWAP "HTTP/1.1 200 OK"
{
  "live": false,
  "scanned": [
    {
      "TRX": -19.68
    },
    {
      "ETH": -8.35
    },
    {
      "SOL": 5.04
    }
  ],
  "opened": [],
  "closed": [],
  "holding": [],
  "would": []
}
2026-06-11 11:00:08,143 [carry] INFO: carry_executor 模式: 🟢 DRY-RUN（不下单）（实盘需 CARRY_LIVE=1，且勿与主 bot 同币种同跑）
2026-06-11 11:00:13,106 [carry] INFO: HTTP Request: GET https://www.okx.com/api/v5/public/funding-rate?instId=TRX-USDT-SWAP "HTTP/1.1 200 OK"
2026-06-11 11:00:13,837 [carry] INFO: HTTP Request: GET https://www.okx.com/api/v5/public/funding-rate?instId=ETH-USDT-SWAP "HTTP/1.1 200 OK"
2026-06-11 11:00:15,680 [carry] INFO: HTTP Request: GET https://www.okx.com/api/v5/public/funding-rate?instId=SOL-USDT-SWAP "HTTP/1.1 200 OK"
{
  "live": false,
  "scanned": [
    {
      "TRX": -19.97
    },
    {
      "ETH": -8.82
    },
    {
      "SOL": 3.89
    }
  ],
  "opened": [],
  "closed": [],
  "holding": [],
  "would": []
}
2026-06-11 12:00:11,573 [carry] INFO: carry_executor 模式: 🟢 DRY-RUN（不下单）（实盘需 CARRY_LIVE=1，且勿与主 bot 同币种同跑）
2026-06-11 12:00:14,699 [carry] INFO: HTTP Request: GET https://www.okx.com/api/v5/public/funding-rate?instId=TRX-USDT-SWAP "HTTP/1.1 200 OK"
2026-06-11 12:00:15,071 [carry] INFO: HTTP Request: GET https://www.okx.com/api/v5/public/funding-rate?instId=ETH-USDT-SWAP "HTTP/1.1 200 OK"
2026-06-11 12:00:18,302 [carry] INFO: HTTP Request: GET https://www.okx.com/api/v5/public/funding-rate?instId=SOL-USDT-SWAP "HTTP/1.1 200 OK"
{
  "live": false,
  "scanned": [
    {
      "TRX": -23.12
    },
    {
      "ETH": -10.13
    },
    {
      "SOL": 3.51
    }
  ],
  "opened": [],
  "closed": [],
  "holding": [],
  "would": []
}
2026-06-11 13:00:09,022 [carry] INFO: carry_executor 模式: 🟢 DRY-RUN（不下单）（实盘需 CARRY_LIVE=1，且勿与主 bot 同币种同跑）
2026-06-11 13:00:09,564 [carry] INFO: HTTP Request: GET https://www.okx.com/api/v5/public/funding-rate?instId=TRX-USDT-SWAP "HTTP/1.1 200 OK"
2026-06-11 13:00:09,696 [carry] INFO: HTTP Request: GET https://www.okx.com/api/v5/public/funding-rate?instId=ETH-USDT-SWAP "HTTP/1.1 200 OK"
2026-06-11 13:00:09,873 [carry] INFO: HTTP Request: GET https://www.okx.com/api/v5/public/funding-rate?instId=SOL-USDT-SWAP "HTTP/1.1 200 OK"
{
  "live": false,
  "scanned": [
    {
      "TRX": -22.32
    },
    {
      "ETH": -11.45
    },
    {
      "SOL": 1.88
    }
  ],
  "opened": [],
  "closed": [],
  "holding": [],
  "would": []
}
2026-06-11 14:00:05,227 [carry] INFO: carry_executor 模式: 🟢 DRY-RUN（不下单）（实盘需 CARRY_LIVE=1，且勿与主 bot 同币种同跑）
2026-06-11 14:00:07,854 [carry] INFO: HTTP Request: GET https://www.okx.com/api/v5/public/funding-rate?instId=TRX-USDT-SWAP "HTTP/1.1 200 OK"
2026-06-11 14:00:08,517 [carry] INFO: HTTP Request: GET https://www.okx.com/api/v5/public/funding-rate?instId=ETH-USDT-SWAP "HTTP/1.1 200 OK"
2026-06-11 14:00:08,957 [carry] INFO: HTTP Request: GET https://www.okx.com/api/v5/public/funding-rate?instId=SOL-USDT-SWAP "HTTP/1.1 200 OK"
{
  "live": false,
  "scanned": [
    {
      "TRX": -19.53
    },
    {
      "ETH": -11.67
    },
    {
      "SOL": -0.93
    }
  ],
  "opened": [],
  "closed": [],
  "holding": [],
  "would": []
}
2026-06-11 15:00:05,205 [carry] INFO: carry_executor 模式: 🟢 DRY-RUN（不下单）（实盘需 CARRY_LIVE=1，且勿与主 bot 同币种同跑）
2026-06-11 15:00:08,906 [carry] INFO: HTTP Request: GET https://www.okx.com/api/v5/public/funding-rate?instId=TRX-USDT-SWAP "HTTP/1.1 200 OK"
2026-06-11 15:00:09,124 [carry] INFO: HTTP Request: GET https://www.okx.com/api/v5/public/funding-rate?instId=ETH-USDT-SWAP "HTTP/1.1 200 OK"
2026-06-11 15:00:09,589 [carry] INFO: HTTP Request: GET https://www.okx.com/api/v5/public/funding-rate?instId=SOL-USDT-SWAP "HTTP/1.1 200 OK"
{
  "live": false,
  "scanned": [
    {
      "TRX": -19.16
    },
    {
      "ETH": -10.63
    },
    {
      "SOL": -2.57
    }
  ],
  "opened": [],
  "closed": [],
  "holding": [],
  "would": []
}
2026-06-11 16:00:07,639 [carry] INFO: carry_executor 模式: 🟢 DRY-RUN（不下单）（实盘需 CARRY_LIVE=1，且勿与主 bot 同币种同跑）
2026-06-11 16:00:08,448 [carry] INFO: HTTP Request: GET https://www.okx.com/api/v5/public/funding-rate?instId=TRX-USDT-SWAP "HTTP/1.1 200 OK"
2026-06-11 16:00:09,124 [carry] INFO: HTTP Request: GET https://www.okx.com/api/v5/public/funding-rate?instId=ETH-USDT-SWAP "HTTP/1.1 200 OK"
2026-06-11 16:00:11,589 [carry] INFO: HTTP Request: GET https://www.okx.com/api/v5/public/funding-rate?instId=SOL-USDT-SWAP "HTTP/1.1 200 OK"
{
  "live": false,
  "scanned": [
    {
      "TRX": -19.87
    },
    {
      "ETH": -7.76
    },
    {
      "SOL": -2.91
    }
  ],
  "opened": [],
  "closed": [],
  "holding": [],
  "would": []
}
2026-06-11 17:00:05,955 [carry] INFO: carry_executor 模式: 🟢 DRY-RUN（不下单）（实盘需 CARRY_LIVE=1，且勿与主 bot 同币种同跑）
2026-06-11 17:00:07,730 [carry] INFO: HTTP Request: GET https://www.okx.com/api/v5/public/funding-rate?instId=TRX-USDT-SWAP "HTTP/1.1 200 OK"
2026-06-11 17:00:08,365 [carry] INFO: HTTP Request: GET https://www.okx.com/api/v5/public/funding-rate?instId=ETH-USDT-SWAP "HTTP/1.1 200 OK"
2026-06-11 17:00:08,610 [carry] INFO: HTTP Request: GET https://www.okx.com/api/v5/public/funding-rate?instId=SOL-USDT-SWAP "HTTP/1.1 200 OK"
{
  "live": false,
  "scanned": [
    {
      "TRX": -20.63
    },
    {
      "ETH": -4.7
    },
    {
      "SOL": -0.95
    }
  ],
  "opened": [],
  "closed": [],
  "holding": [],
  "would": []
}
2026-06-11 18:00:10,178 [carry] INFO: carry_executor 模式: 🟢 DRY-RUN（不下单）（实盘需 CARRY_LIVE=1，且勿与主 bot 同币种同跑）
2026-06-11 18:00:14,223 [carry] INFO: HTTP Request: GET https://www.okx.com/api/v5/public/funding-rate?instId=TRX-USDT-SWAP "HTTP/1.1 200 OK"
2026-06-11 18:00:14,400 [carry] INFO: HTTP Request: GET https://www.okx.com/api/v5/public/funding-rate?instId=ETH-USDT-SWAP "HTTP/1.1 200 OK"
2026-06-11 18:00:14,586 [carry] INFO: HTTP Request: GET https://www.okx.com/api/v5/public/funding-rate?instId=SOL-USDT-SWAP "HTTP/1.1 200 OK"
{
  "live": false,
  "scanned": [
    {
      "TRX": -23.93
    },
    {
      "ETH": -2.43
    },
    {
      "SOL": -0.44
    }
  ],
  "opened": [],
  "closed": [],
  "holding": [],
  "would": []
}
2026-06-11 19:00:10,496 [carry] INFO: carry_executor 模式: 🟢 DRY-RUN（不下单）（实盘需 CARRY_LIVE=1，且勿与主 bot 同币种同跑）
2026-06-11 19:00:11,363 [carry] INFO: HTTP Request: GET https://www.okx.com/api/v5/public/funding-rate?instId=TRX-USDT-SWAP "HTTP/1.1 200 OK"
2026-06-11 19:00:11,521 [carry] INFO: HTTP Request: GET https://www.okx.com/api/v5/public/funding-rate?instId=ETH-USDT-SWAP "HTTP/1.1 200 OK"
2026-06-11 19:00:11,731 [carry] INFO: HTTP Request: GET https://www.okx.com/api/v5/public/funding-rate?instId=SOL-USDT-SWAP "HTTP/1.1 200 OK"
{
  "live": false,
  "scanned": [
    {
      "TRX": -55.67
    },
    {
      "ETH": -0.57
    },
    {
      "SOL": -1.87
    }
  ],
  "opened": [],
  "closed": [],
  "holding": [],
  "would": []
}
2026-06-11 20:00:07,220 [carry] INFO: carry_executor 模式: 🟢 DRY-RUN（不下单）（实盘需 CARRY_LIVE=1，且勿与主 bot 同币种同跑）
2026-06-11 20:00:10,316 [carry] INFO: HTTP Request: GET https://www.okx.com/api/v5/public/funding-rate?instId=TRX-USDT-SWAP "HTTP/1.1 200 OK"
2026-06-11 20:00:10,500 [carry] INFO: HTTP Request: GET https://www.okx.com/api/v5/public/funding-rate?instId=ETH-USDT-SWAP "HTTP/1.1 200 OK"
2026-06-11 20:00:11,205 [carry] INFO: HTTP Request: GET https://www.okx.com/api/v5/public/funding-rate?instId=SOL-USDT-SWAP "HTTP/1.1 200 OK"
{
  "live": false,
  "scanned": [
    {
      "TRX": -98.89
    },
    {
      "ETH": 2.05
    },
    {
      "SOL": -0.93
    }
  ],
  "opened": [],
  "closed": [],
  "holding": [],
  "would": []
}
2026-06-11 21:00:09,411 [carry] INFO: carry_executor 模式: 🟢 DRY-RUN（不下单）（实盘需 CARRY_LIVE=1，且勿与主 bot 同币种同跑）
2026-06-11 21:00:12,823 [carry] INFO: HTTP Request: GET https://www.okx.com/api/v5/public/funding-rate?instId=TRX-USDT-SWAP "HTTP/1.1 200 OK"
2026-06-11 21:00:13,310 [carry] INFO: HTTP Request: GET https://www.okx.com/api/v5/public/funding-rate?instId=ETH-USDT-SWAP "HTTP/1.1 200 OK"
2026-06-11 21:00:13,520 [carry] INFO: HTTP Request: GET https://www.okx.com/api/v5/public/funding-rate?instId=SOL-USDT-SWAP "HTTP/1.1 200 OK"
{
  "live": false,
  "scanned": [
    {
      "TRX": -148.1
    },
    {
      "ETH": 0.69
    },
    {
      "SOL": 0.06
    }
  ],
  "opened": [],
  "closed": [],
  "holding": [],
  "would": []
}
2026-06-11 22:00:08,081 [carry] INFO: carry_executor 模式: 🟢 DRY-RUN（不下单）（实盘需 CARRY_LIVE=1，且勿与主 bot 同币种同跑）
2026-06-11 22:00:12,695 [carry] INFO: HTTP Request: GET https://www.okx.com/api/v5/public/funding-rate?instId=TRX-USDT-SWAP "HTTP/1.1 200 OK"
2026-06-11 22:00:12,835 [carry] INFO: HTTP Request: GET https://www.okx.com/api/v5/public/funding-rate?instId=ETH-USDT-SWAP "HTTP/1.1 200 OK"
2026-06-11 22:00:13,701 [carry] INFO: HTTP Request: GET https://www.okx.com/api/v5/public/funding-rate?instId=SOL-USDT-SWAP "HTTP/1.1 200 OK"
{
  "live": false,
  "scanned": [
    {
      "TRX": -171.1
    },
    {
      "ETH": 0.66
    },
    {
      "SOL": -0.55
    }
  ],
  "opened": [],
  "closed": [],
  "holding": [],
  "would": []
}
2026-06-11 23:00:07,609 [carry] INFO: carry_executor 模式: 🟢 DRY-RUN（不下单）（实盘需 CARRY_LIVE=1，且勿与主 bot 同币种同跑）
2026-06-11 23:00:09,235 [carry] INFO: HTTP Request: GET https://www.okx.com/api/v5/public/funding-rate?instId=TRX-USDT-SWAP "HTTP/1.1 200 OK"
2026-06-11 23:00:09,449 [carry] INFO: HTTP Request: GET https://www.okx.com/api/v5/public/funding-rate?instId=ETH-USDT-SWAP "HTTP/1.1 200 OK"
2026-06-11 23:00:09,689 [carry] INFO: HTTP Request: GET https://www.okx.com/api/v5/public/funding-rate?instId=SOL-USDT-SWAP "HTTP/1.1 200 OK"
{
  "live": false,
  "scanned": [
    {
      "TRX": -182.51
    },
    {
      "ETH": 1.06
    },
    {
      "SOL": -3.39
    }
  ],
  "opened": [],
  "closed": [],
  "holding": [],
  "would": []
}
2026-06-12 00:00:11,479 [carry] INFO: carry_executor 模式: 🟢 DRY-RUN（不下单）（实盘需 CARRY_LIVE=1，且勿与主 bot 同币种同跑）
2026-06-12 00:00:13,018 [carry] INFO: HTTP Request: GET https://www.okx.com/api/v5/public/funding-rate?instId=TRX-USDT-SWAP "HTTP/1.1 200 OK"
2026-06-12 00:00:13,182 [carry] INFO: HTTP Request: GET https://www.okx.com/api/v5/public/funding-rate?instId=ETH-USDT-SWAP "HTTP/1.1 200 OK"
2026-06-12 00:00:13,998 [carry] INFO: HTTP Request: GET https://www.okx.com/api/v5/public/funding-rate?instId=SOL-USDT-SWAP "HTTP/1.1 200 OK"
{
  "live": false,
  "scanned": [
    {
      "TRX": -191.67
    },
    {
      "ETH": -0.05
    },
    {
      "SOL": -6.66
    }
  ],
  "opened": [],
  "closed": [],
  "holding": [],
  "would": []
}
2026-06-12 01:00:07,250 [carry] INFO: carry_executor 模式: 🟢 DRY-RUN（不下单）（实盘需 CARRY_LIVE=1，且勿与主 bot 同币种同跑）
2026-06-12 01:00:08,312 [carry] INFO: HTTP Request: GET https://www.okx.com/api/v5/public/funding-rate?instId=TRX-USDT-SWAP "HTTP/1.1 200 OK"
2026-06-12 01:00:08,456 [carry] INFO: HTTP Request: GET https://www.okx.com/api/v5/public/funding-rate?instId=ETH-USDT-SWAP "HTTP/1.1 200 OK"
2026-06-12 01:00:08,698 [carry] INFO: HTTP Request: GET https://www.okx.com/api/v5/public/funding-rate?instId=SOL-USDT-SWAP "HTTP/1.1 200 OK"
{
  "live": false,
  "scanned": [
    {
      "TRX": -180.41
    },
    {
      "ETH": -3.43
    },
    {
      "SOL": -9.71
    }
  ],
  "opened": [],
  "closed": [],
  "holding": [],
  "would": []
}
2026-06-12 02:00:08,562 [carry] INFO: carry_executor 模式: 🟢 DRY-RUN（不下单）（实盘需 CARRY_LIVE=1，且勿与主 bot 同币种同跑）
2026-06-12 02:00:10,046 [carry] INFO: HTTP Request: GET https://www.okx.com/api/v5/public/funding-rate?instId=TRX-USDT-SWAP "HTTP/1.1 200 OK"
2026-06-12 02:00:10,229 [carry] INFO: HTTP Request: GET https://www.okx.com/api/v5/public/funding-rate?instId=ETH-USDT-SWAP "HTTP/1.1 200 OK"
2026-06-12 02:00:10,440 [carry] INFO: HTTP Request: GET https://www.okx.com/api/v5/public/funding-rate?instId=SOL-USDT-SWAP "HTTP/1.1 200 OK"
{
  "live": false,
  "scanned": [
    {
      "TRX": -141.19
    },
    {
      "ETH": -5.24
    },
    {
      "SOL": -10.71
    }
  ],
  "opened": [],
  "closed": [],
  "holding": [],
  "would": []
}
2026-06-12 03:00:08,905 [carry] INFO: carry_executor 模式: 🟢 DRY-RUN（不下单）（实盘需 CARRY_LIVE=1，且勿与主 bot 同币种同跑）
2026-06-12 03:00:11,357 [carry] INFO: HTTP Request: GET https://www.okx.com/api/v5/public/funding-rate?instId=TRX-USDT-SWAP "HTTP/1.1 200 OK"
2026-06-12 03:00:11,632 [carry] INFO: HTTP Request: GET https://www.okx.com/api/v5/public/funding-rate?instId=ETH-USDT-SWAP "HTTP/1.1 200 OK"
2026-06-12 03:00:11,898 [carry] INFO: HTTP Request: GET https://www.okx.com/api/v5/public/funding-rate?instId=SOL-USDT-SWAP "HTTP/1.1 200 OK"
{
  "live": false,
  "scanned": [
    {
      "TRX": -111.29
    },
    {
      "ETH": -5.99
    },
    {
      "SOL": -11.57
    }
  ],
  "opened": [],
  "closed": [],
  "holding": [],
  "would": []
}
2026-06-12 04:00:11,817 [carry] INFO: carry_executor 模式: 🟢 DRY-RUN（不下单）（实盘需 CARRY_LIVE=1，且勿与主 bot 同币种同跑）
2026-06-12 04:00:16,138 [carry] INFO: HTTP Request: GET https://www.okx.com/api/v5/public/funding-rate?instId=TRX-USDT-SWAP "HTTP/1.1 200 OK"
2026-06-12 04:00:16,397 [carry] INFO: HTTP Request: GET https://www.okx.com/api/v5/public/funding-rate?instId=ETH-USDT-SWAP "HTTP/1.1 200 OK"
2026-06-12 04:00:16,755 [carry] INFO: HTTP Request: GET https://www.okx.com/api/v5/public/funding-rate?instId=SOL-USDT-SWAP "HTTP/1.1 200 OK"
{
  "live": false,
  "scanned": [
    {
      "TRX": -88.88
    },
    {
      "ETH": -4.68
    },
    {
      "SOL": -11.5
    }
  ],
  "opened": [],
  "closed": [],
  "holding": [],
  "would": []
}
2026-06-12 05:00:08,058 [carry] INFO: carry_executor 模式: 🟢 DRY-RUN（不下单）（实盘需 CARRY_LIVE=1，且勿与主 bot 同币种同跑）
2026-06-12 05:00:14,667 [carry] INFO: HTTP Request: GET https://www.okx.com/api/v5/public/funding-rate?instId=TRX-USDT-SWAP "HTTP/1.1 200 OK"
2026-06-12 05:00:15,050 [carry] INFO: HTTP Request: GET https://www.okx.com/api/v5/public/funding-rate?instId=ETH-USDT-SWAP "HTTP/1.1 200 OK"
2026-06-12 05:00:16,475 [carry] INFO: HTTP Request: GET https://www.okx.com/api/v5/public/funding-rate?instId=SOL-USDT-SWAP "HTTP/1.1 200 OK"
{
  "live": false,
  "scanned": [
    {
      "TRX": -72.07
    },
    {
      "ETH": -5.04
    },
    {
      "SOL": -11.99
    }
  ],
  "opened": [],
  "closed": [],
  "holding": [],
  "would": []
}
2026-06-12 06:00:10,209 [carry] INFO: carry_executor 模式: 🟢 DRY-RUN（不下单）（实盘需 CARRY_LIVE=1，且勿与主 bot 同币种同跑）
2026-06-12 06:00:13,419 [carry] INFO: HTTP Request: GET https://www.okx.com/api/v5/public/funding-rate?instId=TRX-USDT-SWAP "HTTP/1.1 200 OK"
2026-06-12 06:00:13,657 [carry] INFO: HTTP Request: GET https://www.okx.com/api/v5/public/funding-rate?instId=ETH-USDT-SWAP "HTTP/1.1 200 OK"
2026-06-12 06:00:13,857 [carry] INFO: HTTP Request: GET https://www.okx.com/api/v5/public/funding-rate?instId=SOL-USDT-SWAP "HTTP/1.1 200 OK"
{
  "live": false,
  "scanned": [
    {
      "TRX": -57.82
    },
    {
      "ETH": -6.21
    },
    {
      "SOL": -12.86
    }
  ],
  "opened": [],
  "closed": [],
  "holding": [],
  "would": []
}
2026-06-12 07:00:08,016 [carry] INFO: carry_executor 模式: 🟢 DRY-RUN（不下单）（实盘需 CARRY_LIVE=1，且勿与主 bot 同币种同跑）
2026-06-12 07:00:10,996 [carry] INFO: HTTP Request: GET https://www.okx.com/api/v5/public/funding-rate?instId=TRX-USDT-SWAP "HTTP/1.1 200 OK"
2026-06-12 07:00:11,439 [carry] INFO: HTTP Request: GET https://www.okx.com/api/v5/public/funding-rate?instId=ETH-USDT-SWAP "HTTP/1.1 200 OK"
2026-06-12 07:00:11,665 [carry] INFO: HTTP Request: GET https://www.okx.com/api/v5/public/funding-rate?instId=SOL-USDT-SWAP "HTTP/1.1 200 OK"
{
  "live": false,
  "scanned": [
    {
      "TRX": -48.83
    },
    {
      "ETH": -8.26
    },
    {
      "SOL": -13.03
    }
  ],
  "opened": [],
  "closed": [],
  "holding": [],
  "would": []
}
2026-06-12 08:00:07,158 [carry] INFO: carry_executor 模式: 🟢 DRY-RUN（不下单）（实盘需 CARRY_LIVE=1，且勿与主 bot 同币种同跑）
2026-06-12 08:00:07,836 [carry] INFO: HTTP Request: GET https://www.okx.com/api/v5/public/funding-rate?instId=TRX-USDT-SWAP "HTTP/1.1 200 OK"
2026-06-12 08:00:08,028 [carry] INFO: HTTP Request: GET https://www.okx.com/api/v5/public/funding-rate?instId=ETH-USDT-SWAP "HTTP/1.1 200 OK"
2026-06-12 08:00:08,180 [carry] INFO: HTTP Request: GET https://www.okx.com/api/v5/public/funding-rate?instId=SOL-USDT-SWAP "HTTP/1.1 200 OK"
{
  "live": false,
  "scanned": [
    {
      "TRX": -55.36
    },
    {
      "ETH": -8.31
    },
    {
      "SOL": -12.63
    }
  ],
  "opened": [],
  "closed": [],
  "holding": [],
  "would": []
}
2026-06-12 09:00:07,298 [carry] INFO: carry_executor 模式: 🟢 DRY-RUN（不下单）（实盘需 CARRY_LIVE=1，且勿与主 bot 同币种同跑）
2026-06-12 09:00:08,623 [carry] INFO: HTTP Request: GET https://www.okx.com/api/v5/public/funding-rate?instId=TRX-USDT-SWAP "HTTP/1.1 200 OK"
2026-06-12 09:00:08,892 [carry] INFO: HTTP Request: GET https://www.okx.com/api/v5/public/funding-rate?instId=ETH-USDT-SWAP "HTTP/1.1 200 OK"
2026-06-12 09:00:09,102 [carry] INFO: HTTP Request: GET https://www.okx.com/api/v5/public/funding-rate?instId=SOL-USDT-SWAP "HTTP/1.1 200 OK"
{
  "live": false,
  "scanned": [
    {
      "TRX": -67.22
    },
    {
      "ETH": -7.11
    },
    {
      "SOL": -11.6
    }
  ],
  "opened": [],
  "closed": [],
  "holding": [],
  "would": []
}
2026-06-12 10:00:04,190 [carry] INFO: carry_executor 模式: 🟢 DRY-RUN（不下单）（实盘需 CARRY_LIVE=1，且勿与主 bot 同币种同跑）
2026-06-12 10:00:08,599 [carry] INFO: HTTP Request: GET https://www.okx.com/api/v5/public/funding-rate?instId=TRX-USDT-SWAP "HTTP/1.1 200 OK"
2026-06-12 10:00:10,958 [carry] INFO: HTTP Request: GET https://www.okx.com/api/v5/public/funding-rate?instId=ETH-USDT-SWAP "HTTP/1.1 200 OK"
2026-06-12 10:00:11,208 [carry] INFO: HTTP Request: GET https://www.okx.com/api/v5/public/funding-rate?instId=SOL-USDT-SWAP "HTTP/1.1 200 OK"
{
  "live": false,
  "scanned": [
    {
      "TRX": -68.85
    },
    {
      "ETH": -6.81
    },
    {
      "SOL": -11.24
    }
  ],
  "opened": [],
  "closed": [],
  "holding": [],
  "would": []
}
2026-06-12 11:00:06,707 [carry] INFO: carry_executor 模式: 🟢 DRY-RUN（不下单）（实盘需 CARRY_LIVE=1，且勿与主 bot 同币种同跑）
2026-06-12 11:00:10,001 [carry] INFO: HTTP Request: GET https://www.okx.com/api/v5/public/funding-rate?instId=TRX-USDT-SWAP "HTTP/1.1 200 OK"
2026-06-12 11:00:10,612 [carry] INFO: HTTP Request: GET https://www.okx.com/api/v5/public/funding-rate?instId=ETH-USDT-SWAP "HTTP/1.1 200 OK"
2026-06-12 11:00:11,142 [carry] INFO: HTTP Request: GET https://www.okx.com/api/v5/public/funding-rate?instId=SOL-USDT-SWAP "HTTP/1.1 200 OK"
{
  "live": false,
  "scanned": [
    {
      "TRX": -75.46
    },
    {
      "ETH": -7.87
    },
    {
      "SOL": -9.86
    }
  ],
  "opened": [],
  "closed": [],
  "holding": [],
  "would": []
}
2026-06-12 12:00:07,792 [carry] INFO: carry_executor 模式: 🟢 DRY-RUN（不下单）（实盘需 CARRY_LIVE=1，且勿与主 bot 同币种同跑）
2026-06-12 12:00:08,973 [carry] INFO: HTTP Request: GET https://www.okx.com/api/v5/public/funding-rate?instId=TRX-USDT-SWAP "HTTP/1.1 200 OK"
2026-06-12 12:00:09,367 [carry] INFO: HTTP Request: GET https://www.okx.com/api/v5/public/funding-rate?instId=ETH-USDT-SWAP "HTTP/1.1 200 OK"
2026-06-12 12:00:09,540 [carry] INFO: HTTP Request: GET https://www.okx.com/api/v5/public/funding-rate?instId=SOL-USDT-SWAP "HTTP/1.1 200 OK"
{
  "live": false,
  "scanned": [
    {
      "TRX": -85.66
    },
    {
      "ETH": -9.47
    },
    {
      "SOL": -7.08
    }
  ],
  "opened": [],
  "closed": [],
  "holding": [],
  "would": []
}
2026-06-12 13:00:05,038 [carry] INFO: carry_executor 模式: 🟢 DRY-RUN（不下单）（实盘需 CARRY_LIVE=1，且勿与主 bot 同币种同跑）
2026-06-12 13:00:07,581 [carry] INFO: HTTP Request: GET https://www.okx.com/api/v5/public/funding-rate?instId=TRX-USDT-SWAP "HTTP/1.1 200 OK"
2026-06-12 13:00:08,009 [carry] INFO: HTTP Request: GET https://www.okx.com/api/v5/public/funding-rate?instId=ETH-USDT-SWAP "HTTP/1.1 200 OK"
2026-06-12 13:00:08,322 [carry] INFO: HTTP Request: GET https://www.okx.com/api/v5/public/funding-rate?instId=SOL-USDT-SWAP "HTTP/1.1 200 OK"
{
  "live": false,
  "scanned": [
    {
      "TRX": -93.56
    },
    {
      "ETH": -10.16
    },
    {
      "SOL": -2.99
    }
  ],
  "opened": [],
  "closed": [],
  "holding": [],
  "would": []
}
2026-06-12 14:00:03,389 [carry] INFO: carry_executor 模式: 🟢 DRY-RUN（不下单）（实盘需 CARRY_LIVE=1，且勿与主 bot 同币种同跑）
2026-06-12 14:00:06,027 [carry] INFO: HTTP Request: GET https://www.okx.com/api/v5/public/funding-rate?instId=TRX-USDT-SWAP "HTTP/1.1 200 OK"
2026-06-12 14:00:06,263 [carry] INFO: HTTP Request: GET https://www.okx.com/api/v5/public/funding-rate?instId=ETH-USDT-SWAP "HTTP/1.1 200 OK"
2026-06-12 14:00:06,810 [carry] INFO: HTTP Request: GET https://www.okx.com/api/v5/public/funding-rate?instId=SOL-USDT-SWAP "HTTP/1.1 200 OK"
{
  "live": false,
  "scanned": [
    {
      "TRX": -93.62
    },
    {
      "ETH": -9.96
    },
    {
      "SOL": 1.58
    }
  ],
  "opened": [],
  "closed": [],
  "holding": [],
  "would": []
}
2026-06-12 15:00:06,507 [carry] INFO: carry_executor 模式: 🟢 DRY-RUN（不下单）（实盘需 CARRY_LIVE=1，且勿与主 bot 同币种同跑）
2026-06-12 15:00:08,651 [carry] INFO: HTTP Request: GET https://www.okx.com/api/v5/public/funding-rate?instId=TRX-USDT-SWAP "HTTP/1.1 200 OK"
2026-06-12 15:00:09,040 [carry] INFO: HTTP Request: GET https://www.okx.com/api/v5/public/funding-rate?instId=ETH-USDT-SWAP "HTTP/1.1 200 OK"
2026-06-12 15:00:09,240 [carry] INFO: HTTP Request: GET https://www.okx.com/api/v5/public/funding-rate?instId=SOL-USDT-SWAP "HTTP/1.1 200 OK"
{
  "live": false,
  "scanned": [
    {
      "TRX": -90.55
    },
    {
      "ETH": -8.36
    },
    {
      "SOL": 4.87
    }
  ],
  "opened": [],
  "closed": [],
  "holding": [],
  "would": []
}
2026-06-12 16:00:06,865 [carry] INFO: carry_executor 模式: 🟢 DRY-RUN（不下单）（实盘需 CARRY_LIVE=1，且勿与主 bot 同币种同跑）
2026-06-12 16:00:08,503 [carry] INFO: HTTP Request: GET https://www.okx.com/api/v5/public/funding-rate?instId=TRX-USDT-SWAP "HTTP/1.1 200 OK"
2026-06-12 16:00:08,736 [carry] INFO: HTTP Request: GET https://www.okx.com/api/v5/public/funding-rate?instId=ETH-USDT-SWAP "HTTP/1.1 200 OK"
2026-06-12 16:00:08,994 [carry] INFO: HTTP Request: GET https://www.okx.com/api/v5/public/funding-rate?instId=SOL-USDT-SWAP "HTTP/1.1 200 OK"
{
  "live": false,
  "scanned": [
    {
      "TRX": -82.37
    },
    {
      "ETH": -7.49
    },
    {
      "SOL": 5.22
    }
  ],
  "opened": [],
  "closed": [],
  "holding": [],
  "would": []
}
2026-06-12 17:00:09,836 [carry] INFO: carry_executor 模式: 🟢 DRY-RUN（不下单）（实盘需 CARRY_LIVE=1，且勿与主 bot 同币种同跑）
2026-06-12 17:00:12,059 [carry] INFO: HTTP Request: GET https://www.okx.com/api/v5/public/funding-rate?instId=TRX-USDT-SWAP "HTTP/1.1 200 OK"
2026-06-12 17:00:12,497 [carry] INFO: HTTP Request: GET https://www.okx.com/api/v5/public/funding-rate?instId=ETH-USDT-SWAP "HTTP/1.1 200 OK"
2026-06-12 17:00:12,730 [carry] INFO: HTTP Request: GET https://www.okx.com/api/v5/public/funding-rate?instId=SOL-USDT-SWAP "HTTP/1.1 200 OK"
{
  "live": false,
  "scanned": [
    {
      "TRX": -67.71
    },
    {
      "ETH": -3.24
    },
    {
      "SOL": 5.7
    }
  ],
  "opened": [],
  "closed": [],
  "holding": [],
  "would": []
}
2026-06-12 18:00:11,335 [carry] INFO: carry_executor 模式: 🟢 DRY-RUN（不下单）（实盘需 CARRY_LIVE=1，且勿与主 bot 同币种同跑）
2026-06-12 18:00:12,990 [carry] INFO: HTTP Request: GET https://www.okx.com/api/v5/public/funding-rate?instId=TRX-USDT-SWAP "HTTP/1.1 200 OK"
2026-06-12 18:00:13,301 [carry] INFO: HTTP Request: GET https://www.okx.com/api/v5/public/funding-rate?instId=ETH-USDT-SWAP "HTTP/1.1 200 OK"
2026-06-12 18:00:14,046 [carry] INFO: HTTP Request: GET https://www.okx.com/api/v5/public/funding-rate?instId=SOL-USDT-SWAP "HTTP/1.1 200 OK"
{
  "live": false,
  "scanned": [
    {
      "TRX": -51.05
    },
    {
      "ETH": -1.2
    },
    {
      "SOL": 0.89
    }
  ],
  "opened": [],
  "closed": [],
  "holding": [],
  "would": []
}
2026-06-12 19:00:06,192 [carry] INFO: carry_executor 模式: 🟢 DRY-RUN（不下单）（实盘需 CARRY_LIVE=1，且勿与主 bot 同币种同跑）
2026-06-12 19:00:08,262 [carry] INFO: HTTP Request: GET https://www.okx.com/api/v5/public/funding-rate?instId=TRX-USDT-SWAP "HTTP/1.1 200 OK"
2026-06-12 19:00:08,662 [carry] INFO: HTTP Request: GET https://www.okx.com/api/v5/public/funding-rate?instId=ETH-USDT-SWAP "HTTP/1.1 200 OK"
2026-06-12 19:00:08,810 [carry] INFO: HTTP Request: GET https://www.okx.com/api/v5/public/funding-rate?instId=SOL-USDT-SWAP "HTTP/1.1 200 OK"
{
  "live": false,
  "scanned": [
    {
      "TRX": -52.45
    },
    {
      "ETH": 1.36
    },
    {
      "SOL": -2.28
    }
  ],
  "opened": [],
  "closed": [],
  "holding": [],
  "would": []
}
2026-06-12 20:00:08,240 [carry] INFO: carry_executor 模式: 🟢 DRY-RUN（不下单）（实盘需 CARRY_LIVE=1，且勿与主 bot 同币种同跑）
2026-06-12 20:00:09,336 [carry] INFO: HTTP Request: GET https://www.okx.com/api/v5/public/funding-rate?instId=TRX-USDT-SWAP "HTTP/1.1 200 OK"
2026-06-12 20:00:09,470 [carry] INFO: HTTP Request: GET https://www.okx.com/api/v5/public/funding-rate?instId=ETH-USDT-SWAP "HTTP/1.1 200 OK"
2026-06-12 20:00:09,658 [carry] INFO: HTTP Request: GET https://www.okx.com/api/v5/public/funding-rate?instId=SOL-USDT-SWAP "HTTP/1.1 200 OK"
{
  "live": false,
  "scanned": [
    {
      "TRX": -60.45
    },
    {
      "ETH": 3.18
    },
    {
      "SOL": -5.19
    }
  ],
  "opened": [],
  "closed": [],
  "holding": [],
  "would": []
}
2026-06-12 21:00:07,607 [carry] INFO: carry_executor 模式: 🟢 DRY-RUN（不下单）（实盘需 CARRY_LIVE=1，且勿与主 bot 同币种同跑）
2026-06-12 21:00:08,675 [carry] INFO: HTTP Request: GET https://www.okx.com/api/v5/public/funding-rate?instId=TRX-USDT-SWAP "HTTP/1.1 200 OK"
2026-06-12 21:00:08,952 [carry] INFO: HTTP Request: GET https://www.okx.com/api/v5/public/funding-rate?instId=ETH-USDT-SWAP "HTTP/1.1 200 OK"
2026-06-12 21:00:09,160 [carry] INFO: HTTP Request: GET https://www.okx.com/api/v5/public/funding-rate?instId=SOL-USDT-SWAP "HTTP/1.1 200 OK"
{
  "live": false,
  "scanned": [
    {
      "TRX": -59.16
    },
    {
      "ETH": 3.9
    },
    {
      "SOL": -8.85
    }
  ],
  "opened": [],
  "closed": [],
  "holding": [],
  "would": []
}
2026-06-12 22:00:03,817 [carry] INFO: carry_executor 模式: 🟢 DRY-RUN（不下单）（实盘需 CARRY_LIVE=1，且勿与主 bot 同币种同跑）
2026-06-12 22:00:05,281 [carry] INFO: HTTP Request: GET https://www.okx.com/api/v5/public/funding-rate?instId=TRX-USDT-SWAP "HTTP/1.1 200 OK"
2026-06-12 22:00:05,622 [carry] INFO: HTTP Request: GET https://www.okx.com/api/v5/public/funding-rate?instId=ETH-USDT-SWAP "HTTP/1.1 200 OK"
2026-06-12 22:00:05,942 [carry] INFO: HTTP Request: GET https://www.okx.com/api/v5/public/funding-rate?instId=SOL-USDT-SWAP "HTTP/1.1 200 OK"
{
  "live": false,
  "scanned": [
    {
      "TRX": -53.11
    },
    {
      "ETH": 3.25
    },
    {
      "SOL": -10.39
    }
  ],
  "opened": [],
  "closed": [],
  "holding": [],
  "would": []
}
2026-06-12 23:00:08,217 [carry] INFO: carry_executor 模式: 🟢 DRY-RUN（不下单）（实盘需 CARRY_LIVE=1，且勿与主 bot 同币种同跑）
2026-06-12 23:00:09,453 [carry] INFO: HTTP Request: GET https://www.okx.com/api/v5/public/funding-rate?instId=TRX-USDT-SWAP "HTTP/1.1 200 OK"
2026-06-12 23:00:09,780 [carry] INFO: HTTP Request: GET https://www.okx.com/api/v5/public/funding-rate?instId=ETH-USDT-SWAP "HTTP/1.1 200 OK"
2026-06-12 23:00:09,941 [carry] INFO: HTTP Request: GET https://www.okx.com/api/v5/public/funding-rate?instId=SOL-USDT-SWAP "HTTP/1.1 200 OK"
{
  "live": false,
  "scanned": [
    {
      "TRX": -51.56
    },
    {
      "ETH": 3.2
    },
    {
      "SOL": -9.93
    }
  ],
  "opened": [],
  "closed": [],
  "holding": [],
  "would": []
}
2026-06-13 00:00:08,881 [carry] INFO: carry_executor 模式: 🟢 DRY-RUN（不下单）（实盘需 CARRY_LIVE=1，且勿与主 bot 同币种同跑）
2026-06-13 00:00:10,476 [carry] INFO: HTTP Request: GET https://www.okx.com/api/v5/public/funding-rate?instId=TRX-USDT-SWAP "HTTP/1.1 200 OK"
2026-06-13 00:00:10,683 [carry] INFO: HTTP Request: GET https://www.okx.com/api/v5/public/funding-rate?instId=ETH-USDT-SWAP "HTTP/1.1 200 OK"
2026-06-13 00:00:10,969 [carry] INFO: HTTP Request: GET https://www.okx.com/api/v5/public/funding-rate?instId=SOL-USDT-SWAP "HTTP/1.1 200 OK"
{
  "live": false,
  "scanned": [
    {
      "TRX": -47.65
    },
    {
      "ETH": 0.94
    },
    {
      "SOL": -8.4
    }
  ],
  "opened": [],
  "closed": [],
  "holding": [],
  "would": []
}
2026-06-13 01:00:07,708 [carry] INFO: carry_executor 模式: 🟢 DRY-RUN（不下单）（实盘需 CARRY_LIVE=1，且勿与主 bot 同币种同跑）
2026-06-13 01:00:08,841 [carry] INFO: HTTP Request: GET https://www.okx.com/api/v5/public/funding-rate?instId=TRX-USDT-SWAP "HTTP/1.1 200 OK"
2026-06-13 01:00:09,463 [carry] INFO: HTTP Request: GET https://www.okx.com/api/v5/public/funding-rate?instId=ETH-USDT-SWAP "HTTP/1.1 200 OK"
2026-06-13 01:00:10,016 [carry] INFO: HTTP Request: GET https://www.okx.com/api/v5/public/funding-rate?instId=SOL-USDT-SWAP "HTTP/1.1 200 OK"
{
  "live": false,
  "scanned": [
    {
      "TRX": -40.87
    },
    {
      "ETH": -1.56
    },
    {
      "SOL": -8.18
    }
  ],
  "opened": [],
  "closed": [],
  "holding": [],
  "would": []
}
2026-06-13 02:00:06,307 [carry] INFO: carry_executor 模式: 🟢 DRY-RUN（不下单）（实盘需 CARRY_LIVE=1，且勿与主 bot 同币种同跑）
2026-06-13 02:00:07,350 [carry] INFO: HTTP Request: GET https://www.okx.com/api/v5/public/funding-rate?instId=TRX-USDT-SWAP "HTTP/1.1 200 OK"
2026-06-13 02:00:07,472 [carry] INFO: HTTP Request: GET https://www.okx.com/api/v5/public/funding-rate?instId=ETH-USDT-SWAP "HTTP/1.1 200 OK"
2026-06-13 02:00:07,597 [carry] INFO: HTTP Request: GET https://www.okx.com/api/v5/public/funding-rate?instId=SOL-USDT-SWAP "HTTP/1.1 200 OK"
{
  "live": false,
  "scanned": [
    {
      "TRX": -31.41
    },
    {
      "ETH": -1.68
    },
    {
      "SOL": -7.39
    }
  ],
  "opened": [],
  "closed": [],
  "holding": [],
  "would": []
}
2026-06-13 03:00:07,776 [carry] INFO: carry_executor 模式: 🟢 DRY-RUN（不下单）（实盘需 CARRY_LIVE=1，且勿与主 bot 同币种同跑）
2026-06-13 03:00:08,627 [carry] INFO: HTTP Request: GET https://www.okx.com/api/v5/public/funding-rate?instId=TRX-USDT-SWAP "HTTP/1.1 200 OK"
2026-06-13 03:00:08,829 [carry] INFO: HTTP Request: GET https://www.okx.com/api/v5/public/funding-rate?instId=ETH-USDT-SWAP "HTTP/1.1 200 OK"
2026-06-13 03:00:09,039 [carry] INFO: HTTP Request: GET https://www.okx.com/api/v5/public/funding-rate?instId=SOL-USDT-SWAP "HTTP/1.1 200 OK"
{
  "live": false,
  "scanned": [
    {
      "TRX": -27.45
    },
    {
      "ETH": -1.78
    },
    {
      "SOL": -5.62
    }
  ],
  "opened": [],
  "closed": [],
  "holding": [],
  "would": []
}
2026-06-13 04:00:07,693 [carry] INFO: carry_executor 模式: 🟢 DRY-RUN（不下单）（实盘需 CARRY_LIVE=1，且勿与主 bot 同币种同跑）
2026-06-13 04:00:09,750 [carry] INFO: HTTP Request: GET https://www.okx.com/api/v5/public/funding-rate?instId=TRX-USDT-SWAP "HTTP/1.1 200 OK"
2026-06-13 04:00:09,999 [carry] INFO: HTTP Request: GET https://www.okx.com/api/v5/public/funding-rate?instId=ETH-USDT-SWAP "HTTP/1.1 200 OK"
2026-06-13 04:00:10,158 [carry] INFO: HTTP Request: GET https://www.okx.com/api/v5/public/funding-rate?instId=SOL-USDT-SWAP "HTTP/1.1 200 OK"
{
  "live": false,
  "scanned": [
    {
      "TRX": -25.0
    },
    {
      "ETH": -1.6
    },
    {
      "SOL": -3.09
    }
  ],
  "opened": [],
  "closed": [],
  "holding": [],
  "would": []
}
2026-06-13 05:00:04,689 [carry] INFO: carry_executor 模式: 🟢 DRY-RUN（不下单）（实盘需 CARRY_LIVE=1，且勿与主 bot 同币种同跑）
2026-06-13 05:00:07,183 [carry] INFO: HTTP Request: GET https://www.okx.com/api/v5/public/funding-rate?instId=TRX-USDT-SWAP "HTTP/1.1 200 OK"
2026-06-13 05:00:07,362 [carry] INFO: HTTP Request: GET https://www.okx.com/api/v5/public/funding-rate?instId=ETH-USDT-SWAP "HTTP/1.1 200 OK"
2026-06-13 05:00:07,477 [carry] INFO: HTTP Request: GET https://www.okx.com/api/v5/public/funding-rate?instId=SOL-USDT-SWAP "HTTP/1.1 200 OK"
{
  "live": false,
  "scanned": [
    {
      "TRX": -28.07
    },
    {
      "ETH": -2.29
    },
    {
      "SOL": -2.04
    }
  ],
  "opened": [],
  "closed": [],
  "holding": [],
  "would": []
}
2026-06-13 06:00:07,680 [carry] INFO: carry_executor 模式: 🟢 DRY-RUN（不下单）（实盘需 CARRY_LIVE=1，且勿与主 bot 同币种同跑）
2026-06-13 06:00:13,403 [carry] INFO: HTTP Request: GET https://www.okx.com/api/v5/public/funding-rate?instId=TRX-USDT-SWAP "HTTP/1.1 200 OK"
2026-06-13 06:00:14,121 [carry] INFO: HTTP Request: GET https://www.okx.com/api/v5/public/funding-rate?instId=ETH-USDT-SWAP "HTTP/1.1 200 OK"
2026-06-13 06:00:14,270 [carry] INFO: HTTP Request: GET https://www.okx.com/api/v5/public/funding-rate?instId=SOL-USDT-SWAP "HTTP/1.1 200 OK"
{
  "live": false,
  "scanned": [
    {
      "TRX": -28.56
    },
    {
      "ETH": -2.51
    },
    {
      "SOL": 0.1
    }
  ],
  "opened": [],
  "closed": [],
  "holding": [],
  "would": []
}
2026-06-13 07:00:04,486 [carry] INFO: carry_executor 模式: 🟢 DRY-RUN（不下单）（实盘需 CARRY_LIVE=1，且勿与主 bot 同币种同跑）
2026-06-13 07:00:05,145 [carry] INFO: HTTP Request: GET https://www.okx.com/api/v5/public/funding-rate?instId=TRX-USDT-SWAP "HTTP/1.1 200 OK"
2026-06-13 07:00:05,342 [carry] INFO: HTTP Request: GET https://www.okx.com/api/v5/public/funding-rate?instId=ETH-USDT-SWAP "HTTP/1.1 200 OK"
2026-06-13 07:00:05,498 [carry] INFO: HTTP Request: GET https://www.okx.com/api/v5/public/funding-rate?instId=SOL-USDT-SWAP "HTTP/1.1 200 OK"
{
  "live": false,
  "scanned": [
    {
      "TRX": -24.62
    },
    {
      "ETH": -1.23
    },
    {
      "SOL": 2.12
    }
  ],
  "opened": [],
  "closed": [],
  "holding": [],
  "would": []
}
2026-06-13 08:00:06,924 [carry] INFO: carry_executor 模式: 🟢 DRY-RUN（不下单）（实盘需 CARRY_LIVE=1，且勿与主 bot 同币种同跑）
2026-06-13 08:00:09,442 [carry] INFO: HTTP Request: GET https://www.okx.com/api/v5/public/funding-rate?instId=TRX-USDT-SWAP "HTTP/1.1 200 OK"
2026-06-13 08:00:10,429 [carry] INFO: HTTP Request: GET https://www.okx.com/api/v5/public/funding-rate?instId=ETH-USDT-SWAP "HTTP/1.1 200 OK"
2026-06-13 08:00:12,172 [carry] INFO: HTTP Request: GET https://www.okx.com/api/v5/public/funding-rate?instId=SOL-USDT-SWAP "HTTP/1.1 200 OK"
{
  "live": false,
  "scanned": [
    {
      "TRX": -22.76
    },
    {
      "ETH": 0.64
    },
    {
      "SOL": 2.86
    }
  ],
  "opened": [],
  "closed": [],
  "holding": [],
  "would": []
}
2026-06-13 09:00:06,757 [carry] INFO: carry_executor 模式: 🟢 DRY-RUN（不下单）（实盘需 CARRY_LIVE=1，且勿与主 bot 同币种同跑）
2026-06-13 09:00:07,875 [carry] INFO: HTTP Request: GET https://www.okx.com/api/v5/public/funding-rate?instId=TRX-USDT-SWAP "HTTP/1.1 200 OK"
2026-06-13 09:00:08,189 [carry] INFO: HTTP Request: GET https://www.okx.com/api/v5/public/funding-rate?instId=ETH-USDT-SWAP "HTTP/1.1 200 OK"
2026-06-13 09:00:08,317 [carry] INFO: HTTP Request: GET https://www.okx.com/api/v5/public/funding-rate?instId=SOL-USDT-SWAP "HTTP/1.1 200 OK"
{
  "live": false,
  "scanned": [
    {
      "TRX": -20.07
    },
    {
      "ETH": 1.61
    },
    {
      "SOL": 3.16
    }
  ],
  "opened": [],
  "closed": [],
  "holding": [],
  "would": []
}
2026-06-13 10:00:08,344 [carry] INFO: carry_executor 模式: 🟢 DRY-RUN（不下单）（实盘需 CARRY_LIVE=1，且勿与主 bot 同币种同跑）
2026-06-13 10:00:11,866 [carry] INFO: HTTP Request: GET https://www.okx.com/api/v5/public/funding-rate?instId=TRX-USDT-SWAP "HTTP/1.1 200 OK"
2026-06-13 10:00:12,412 [carry] INFO: HTTP Request: GET https://www.okx.com/api/v5/public/funding-rate?instId=ETH-USDT-SWAP "HTTP/1.1 200 OK"
2026-06-13 10:00:12,732 [carry] INFO: HTTP Request: GET https://www.okx.com/api/v5/public/funding-rate?instId=SOL-USDT-SWAP "HTTP/1.1 200 OK"
{
  "live": false,
  "scanned": [
    {
      "TRX": -19.87
    },
    {
      "ETH": 0.14
    },
    {
      "SOL": 4.91
    }
  ],
  "opened": [],
  "closed": [],
  "holding": [],
  "would": []
}
2026-06-13 11:00:08,404 [carry] INFO: carry_executor 模式: 🟢 DRY-RUN（不下单）（实盘需 CARRY_LIVE=1，且勿与主 bot 同币种同跑）
2026-06-13 11:00:09,422 [carry] INFO: HTTP Request: GET https://www.okx.com/api/v5/public/funding-rate?instId=TRX-USDT-SWAP "HTTP/1.1 200 OK"
2026-06-13 11:00:09,668 [carry] INFO: HTTP Request: GET https://www.okx.com/api/v5/public/funding-rate?instId=ETH-USDT-SWAP "HTTP/1.1 200 OK"
2026-06-13 11:00:09,869 [carry] INFO: HTTP Request: GET https://www.okx.com/api/v5/public/funding-rate?instId=SOL-USDT-SWAP "HTTP/1.1 200 OK"
{
  "live": false,
  "scanned": [
    {
      "TRX": -20.0
    },
    {
      "ETH": -2.35
    },
    {
      "SOL": 4.27
    }
  ],
  "opened": [],
  "closed": [],
  "holding": [],
  "would": []
}
2026-06-13 12:00:06,726 [carry] INFO: carry_executor 模式: 🟢 DRY-RUN（不下单）（实盘需 CARRY_LIVE=1，且勿与主 bot 同币种同跑）
2026-06-13 12:00:08,697 [carry] INFO: HTTP Request: GET https://www.okx.com/api/v5/public/funding-rate?instId=TRX-USDT-SWAP "HTTP/1.1 200 OK"
2026-06-13 12:00:09,284 [carry] INFO: HTTP Request: GET https://www.okx.com/api/v5/public/funding-rate?instId=ETH-USDT-SWAP "HTTP/1.1 200 OK"
2026-06-13 12:00:11,083 [carry] INFO: HTTP Request: GET https://www.okx.com/api/v5/public/funding-rate?instId=SOL-USDT-SWAP "HTTP/1.1 200 OK"
{
  "live": false,
  "scanned": [
    {
      "TRX": -16.92
    },
    {
      "ETH": -3.54
    },
    {
      "SOL": 1.66
    }
  ],
  "opened": [],
  "closed": [],
  "holding": [],
  "would": []
}
2026-06-13 13:00:10,909 [carry] INFO: carry_executor 模式: 🟢 DRY-RUN（不下单）（实盘需 CARRY_LIVE=1，且勿与主 bot 同币种同跑）
2026-06-13 13:00:12,741 [carry] INFO: HTTP Request: GET https://www.okx.com/api/v5/public/funding-rate?instId=TRX-USDT-SWAP "HTTP/1.1 200 OK"
2026-06-13 13:00:13,325 [carry] INFO: HTTP Request: GET https://www.okx.com/api/v5/public/funding-rate?instId=ETH-USDT-SWAP "HTTP/1.1 200 OK"
2026-06-13 13:00:13,575 [carry] INFO: HTTP Request: GET https://www.okx.com/api/v5/public/funding-rate?instId=SOL-USDT-SWAP "HTTP/1.1 200 OK"
{
  "live": false,
  "scanned": [
    {
      "TRX": -16.2
    },
    {
      "ETH": -3.78
    },
    {
      "SOL": -0.57
    }
  ],
  "opened": [],
  "closed": [],
  "holding": [],
  "would": []
}
2026-06-13 14:00:09,449 [carry] INFO: carry_executor 模式: 🟢 DRY-RUN（不下单）（实盘需 CARRY_LIVE=1，且勿与主 bot 同币种同跑）
2026-06-13 14:00:10,785 [carry] INFO: HTTP Request: GET https://www.okx.com/api/v5/public/funding-rate?instId=TRX-USDT-SWAP "HTTP/1.1 200 OK"
2026-06-13 14:00:11,242 [carry] INFO: HTTP Request: GET https://www.okx.com/api/v5/public/funding-rate?instId=ETH-USDT-SWAP "HTTP/1.1 200 OK"
2026-06-13 14:00:11,746 [carry] INFO: HTTP Request: GET https://www.okx.com/api/v5/public/funding-rate?instId=SOL-USDT-SWAP "HTTP/1.1 200 OK"
{
  "live": false,
  "scanned": [
    {
      "TRX": -16.96
    },
    {
      "ETH": -4.92
    },
    {
      "SOL": -3.63
    }
  ],
  "opened": [],
  "closed": [],
  "holding": [],
  "would": []
}
2026-06-13 15:00:09,217 [carry] INFO: carry_executor 模式: 🟢 DRY-RUN（不下单）（实盘需 CARRY_LIVE=1，且勿与主 bot 同币种同跑）
2026-06-13 15:00:11,128 [carry] INFO: HTTP Request: GET https://www.okx.com/api/v5/public/funding-rate?instId=TRX-USDT-SWAP "HTTP/1.1 200 OK"
2026-06-13 15:00:11,344 [carry] INFO: HTTP Request: GET https://www.okx.com/api/v5/public/funding-rate?instId=ETH-USDT-SWAP "HTTP/1.1 200 OK"
2026-06-13 15:00:11,540 [carry] INFO: HTTP Request: GET https://www.okx.com/api/v5/public/funding-rate?instId=SOL-USDT-SWAP "HTTP/1.1 200 OK"
{
  "live": false,
  "scanned": [
    {
      "TRX": -17.29
    },
    {
      "ETH": -5.91
    },
    {
      "SOL": -4.55
    }
  ],
  "opened": [],
  "closed": [],
  "holding": [],
  "would": []
}
2026-06-13 16:00:07,693 [carry] INFO: carry_executor 模式: 🟢 DRY-RUN（不下单）（实盘需 CARRY_LIVE=1，且勿与主 bot 同币种同跑）
2026-06-13 16:00:08,870 [carry] INFO: HTTP Request: GET https://www.okx.com/api/v5/public/funding-rate?instId=TRX-USDT-SWAP "HTTP/1.1 200 OK"
2026-06-13 16:00:08,997 [carry] INFO: HTTP Request: GET https://www.okx.com/api/v5/public/funding-rate?instId=ETH-USDT-SWAP "HTTP/1.1 200 OK"
2026-06-13 16:00:09,222 [carry] INFO: HTTP Request: GET https://www.okx.com/api/v5/public/funding-rate?instId=SOL-USDT-SWAP "HTTP/1.1 200 OK"
{
  "live": false,
  "scanned": [
    {
      "TRX": -16.98
    },
    {
      "ETH": -6.0
    },
    {
      "SOL": -4.67
    }
  ],
  "opened": [],
  "closed": [],
  "holding": [],
  "would": []
}
2026-06-13 17:00:05,908 [carry] INFO: carry_executor 模式: 🟢 DRY-RUN（不下单）（实盘需 CARRY_LIVE=1，且勿与主 bot 同币种同跑）
2026-06-13 17:00:09,810 [carry] INFO: HTTP Request: GET https://www.okx.com/api/v5/public/funding-rate?instId=TRX-USDT-SWAP "HTTP/1.1 200 OK"
2026-06-13 17:00:10,763 [carry] INFO: HTTP Request: GET https://www.okx.com/api/v5/public/funding-rate?instId=ETH-USDT-SWAP "HTTP/1.1 200 OK"
2026-06-13 17:00:10,950 [carry] INFO: HTTP Request: GET https://www.okx.com/api/v5/public/funding-rate?instId=SOL-USDT-SWAP "HTTP/1.1 200 OK"
{
  "live": false,
  "scanned": [
    {
      "TRX": -16.03
    },
    {
      "ETH": -4.71
    },
    {
      "SOL": -4.95
    }
  ],
  "opened": [],
  "closed": [],
  "holding": [],
  "would": []
}
2026-06-13 18:00:10,122 [carry] INFO: carry_executor 模式: 🟢 DRY-RUN（不下单）（实盘需 CARRY_LIVE=1，且勿与主 bot 同币种同跑）
2026-06-13 18:00:12,206 [carry] INFO: HTTP Request: GET https://www.okx.com/api/v5/public/funding-rate?instId=TRX-USDT-SWAP "HTTP/1.1 200 OK"
2026-06-13 18:00:12,410 [carry] INFO: HTTP Request: GET https://www.okx.com/api/v5/public/funding-rate?instId=ETH-USDT-SWAP "HTTP/1.1 200 OK"
2026-06-13 18:00:12,609 [carry] INFO: HTTP Request: GET https://www.okx.com/api/v5/public/funding-rate?instId=SOL-USDT-SWAP "HTTP/1.1 200 OK"
{
  "live": false,
  "scanned": [
    {
      "TRX": -19.22
    },
    {
      "ETH": -3.28
    },
    {
      "SOL": -4.82
    }
  ],
  "opened": [],
  "closed": [],
  "holding": [],
  "would": []
}
2026-06-13 19:00:10,239 [carry] INFO: carry_executor 模式: 🟢 DRY-RUN（不下单）（实盘需 CARRY_LIVE=1，且勿与主 bot 同币种同跑）
2026-06-13 19:00:12,293 [carry] INFO: HTTP Request: GET https://www.okx.com/api/v5/public/funding-rate?instId=TRX-USDT-SWAP "HTTP/1.1 200 OK"
2026-06-13 19:00:12,435 [carry] INFO: HTTP Request: GET https://www.okx.com/api/v5/public/funding-rate?instId=ETH-USDT-SWAP "HTTP/1.1 200 OK"
2026-06-13 19:00:12,662 [carry] INFO: HTTP Request: GET https://www.okx.com/api/v5/public/funding-rate?instId=SOL-USDT-SWAP "HTTP/1.1 200 OK"
{
  "live": false,
  "scanned": [
    {
      "TRX": -20.87
    },
    {
      "ETH": -0.53
    },
    {
      "SOL": -4.78
    }
  ],
  "opened": [],
  "closed": [],
  "holding": [],
  "would": []
}
2026-06-13 20:00:11,856 [carry] INFO: carry_executor 模式: 🟢 DRY-RUN（不下单）（实盘需 CARRY_LIVE=1，且勿与主 bot 同币种同跑）
2026-06-13 20:00:17,140 [carry] INFO: HTTP Request: GET https://www.okx.com/api/v5/public/funding-rate?instId=TRX-USDT-SWAP "HTTP/1.1 200 OK"
2026-06-13 20:00:18,423 [carry] INFO: HTTP Request: GET https://www.okx.com/api/v5/public/funding-rate?instId=ETH-USDT-SWAP "HTTP/1.1 200 OK"
2026-06-13 20:00:20,226 [carry] INFO: HTTP Request: GET https://www.okx.com/api/v5/public/funding-rate?instId=SOL-USDT-SWAP "HTTP/1.1 200 OK"
{
  "live": false,
  "scanned": [
    {
      "TRX": -22.9
    },
    {
      "ETH": 1.27
    },
    {
      "SOL": -6.17
    }
  ],
  "opened": [],
  "closed": [],
  "holding": [],
  "would": []
}
2026-06-13 21:00:05,343 [carry] INFO: carry_executor 模式: 🟢 DRY-RUN（不下单）（实盘需 CARRY_LIVE=1，且勿与主 bot 同币种同跑）
2026-06-13 21:00:08,910 [carry] INFO: HTTP Request: GET https://www.okx.com/api/v5/public/funding-rate?instId=TRX-USDT-SWAP "HTTP/1.1 200 OK"
2026-06-13 21:00:09,100 [carry] INFO: HTTP Request: GET https://www.okx.com/api/v5/public/funding-rate?instId=ETH-USDT-SWAP "HTTP/1.1 200 OK"
2026-06-13 21:00:09,638 [carry] INFO: HTTP Request: GET https://www.okx.com/api/v5/public/funding-rate?instId=SOL-USDT-SWAP "HTTP/1.1 200 OK"
{
  "live": false,
  "scanned": [
    {
      "TRX": -23.25
    },
    {
      "ETH": 0.99
    },
    {
      "SOL": -7.99
    }
  ],
  "opened": [],
  "closed": [],
  "holding": [],
  "would": []
}
2026-06-13 22:00:06,336 [carry] INFO: carry_executor 模式: 🟢 DRY-RUN（不下单）（实盘需 CARRY_LIVE=1，且勿与主 bot 同币种同跑）
2026-06-13 22:00:07,175 [carry] INFO: HTTP Request: GET https://www.okx.com/api/v5/public/funding-rate?instId=TRX-USDT-SWAP "HTTP/1.1 200 OK"
2026-06-13 22:00:07,423 [carry] INFO: HTTP Request: GET https://www.okx.com/api/v5/public/funding-rate?instId=ETH-USDT-SWAP "HTTP/1.1 200 OK"
2026-06-13 22:00:07,587 [carry] INFO: HTTP Request: GET https://www.okx.com/api/v5/public/funding-rate?instId=SOL-USDT-SWAP "HTTP/1.1 200 OK"
{
  "live": false,
  "scanned": [
    {
      "TRX": -21.72
    },
    {
      "ETH": -0.65
    },
    {
      "SOL": -10.45
    }
  ],
  "opened": [],
  "closed": [],
  "holding": [],
  "would": []
}
2026-06-13 23:00:07,604 [carry] INFO: carry_executor 模式: 🟢 DRY-RUN（不下单）（实盘需 CARRY_LIVE=1，且勿与主 bot 同币种同跑）
2026-06-13 23:00:08,521 [carry] INFO: HTTP Request: GET https://www.okx.com/api/v5/public/funding-rate?instId=TRX-USDT-SWAP "HTTP/1.1 200 OK"
2026-06-13 23:00:08,679 [carry] INFO: HTTP Request: GET https://www.okx.com/api/v5/public/funding-rate?instId=ETH-USDT-SWAP "HTTP/1.1 200 OK"
2026-06-13 23:00:09,180 [carry] INFO: HTTP Request: GET https://www.okx.com/api/v5/public/funding-rate?instId=SOL-USDT-SWAP "HTTP/1.1 200 OK"
{
  "live": false,
  "scanned": [
    {
      "TRX": -20.18
    },
    {
      "ETH": -1.46
    },
    {
      "SOL": -10.68
    }
  ],
  "opened": [],
  "closed": [],
  "holding": [],
  "would": []
}
2026-06-14 00:00:10,757 [carry] INFO: carry_executor 模式: 🟢 DRY-RUN（不下单）（实盘需 CARRY_LIVE=1，且勿与主 bot 同币种同跑）
2026-06-14 00:00:14,973 [carry] INFO: HTTP Request: GET https://www.okx.com/api/v5/public/funding-rate?instId=TRX-USDT-SWAP "HTTP/1.1 200 OK"
2026-06-14 00:00:15,149 [carry] INFO: HTTP Request: GET https://www.okx.com/api/v5/public/funding-rate?instId=ETH-USDT-SWAP "HTTP/1.1 200 OK"
2026-06-14 00:00:15,337 [carry] INFO: HTTP Request: GET https://www.okx.com/api/v5/public/funding-rate?instId=SOL-USDT-SWAP "HTTP/1.1 200 OK"
{
  "live": false,
  "scanned": [
    {
      "TRX": -19.66
    },
    {
      "ETH": -1.56
    },
    {
      "SOL": -9.93
    }
  ],
  "opened": [],
  "closed": [],
  "holding": [],
  "would": []
}
2026-06-14 01:00:11,300 [carry] INFO: carry_executor 模式: 🟢 DRY-RUN（不下单）（实盘需 CARRY_LIVE=1，且勿与主 bot 同币种同跑）
2026-06-14 01:00:13,027 [carry] INFO: HTTP Request: GET https://www.okx.com/api/v5/public/funding-rate?instId=TRX-USDT-SWAP "HTTP/1.1 200 OK"
2026-06-14 01:00:13,282 [carry] INFO: HTTP Request: GET https://www.okx.com/api/v5/public/funding-rate?instId=ETH-USDT-SWAP "HTTP/1.1 200 OK"
2026-06-14 01:00:13,485 [carry] INFO: HTTP Request: GET https://www.okx.com/api/v5/public/funding-rate?instId=SOL-USDT-SWAP "HTTP/1.1 200 OK"
{
  "live": false,
  "scanned": [
    {
      "TRX": -21.64
    },
    {
      "ETH": 0.26
    },
    {
      "SOL": -11.09
    }
  ],
  "opened": [],
  "closed": [],
  "holding": [],
  "would": []
}
2026-06-14 02:00:07,203 [carry] INFO: carry_executor 模式: 🟢 DRY-RUN（不下单）（实盘需 CARRY_LIVE=1，且勿与主 bot 同币种同跑）
2026-06-14 02:00:08,970 [carry] INFO: HTTP Request: GET https://www.okx.com/api/v5/public/funding-rate?instId=TRX-USDT-SWAP "HTTP/1.1 200 OK"
2026-06-14 02:00:09,205 [carry] INFO: HTTP Request: GET https://www.okx.com/api/v5/public/funding-rate?instId=ETH-USDT-SWAP "HTTP/1.1 200 OK"
2026-06-14 02:00:09,405 [carry] INFO: HTTP Request: GET https://www.okx.com/api/v5/public/funding-rate?instId=SOL-USDT-SWAP "HTTP/1.1 200 OK"
{
  "live": false,
  "scanned": [
    {
      "TRX": -20.28
    },
    {
      "ETH": 0.33
    },
    {
      "SOL": -12.4
    }
  ],
  "opened": [],
  "closed": [],
  "holding": [],
  "would": []
}
2026-06-14 03:00:12,493 [carry] INFO: carry_executor 模式: 🟢 DRY-RUN（不下单）（实盘需 CARRY_LIVE=1，且勿与主 bot 同币种同跑）
2026-06-14 03:00:16,392 [carry] INFO: HTTP Request: GET https://www.okx.com/api/v5/public/funding-rate?instId=TRX-USDT-SWAP "HTTP/1.1 200 OK"
2026-06-14 03:00:16,586 [carry] INFO: HTTP Request: GET https://www.okx.com/api/v5/public/funding-rate?instId=ETH-USDT-SWAP "HTTP/1.1 200 OK"
2026-06-14 03:00:16,830 [carry] INFO: HTTP Request: GET https://www.okx.com/api/v5/public/funding-rate?instId=SOL-USDT-SWAP "HTTP/1.1 200 OK"
{
  "live": false,
  "scanned": [
    {
      "TRX": -23.25
    },
    {
      "ETH": 0.96
    },
    {
      "SOL": -14.31
    }
  ],
  "opened": [],
  "closed": [],
  "holding": [],
  "would": []
}
2026-06-14 04:00:07,844 [carry] INFO: carry_executor 模式: 🟢 DRY-RUN（不下单）（实盘需 CARRY_LIVE=1，且勿与主 bot 同币种同跑）
2026-06-14 04:00:11,243 [carry] INFO: HTTP Request: GET https://www.okx.com/api/v5/public/funding-rate?instId=TRX-USDT-SWAP "HTTP/1.1 200 OK"
2026-06-14 04:00:11,479 [carry] INFO: HTTP Request: GET https://www.okx.com/api/v5/public/funding-rate?instId=ETH-USDT-SWAP "HTTP/1.1 200 OK"
2026-06-14 04:00:11,710 [carry] INFO: HTTP Request: GET https://www.okx.com/api/v5/public/funding-rate?instId=SOL-USDT-SWAP "HTTP/1.1 200 OK"
{
  "live": false,
  "scanned": [
    {
      "TRX": -31.65
    },
    {
      "ETH": 1.52
    },
    {
      "SOL": -14.76
    }
  ],
  "opened": [],
  "closed": [],
  "holding": [],
  "would": []
}
2026-06-14 05:00:10,564 [carry] INFO: carry_executor 模式: 🟢 DRY-RUN（不下单）（实盘需 CARRY_LIVE=1，且勿与主 bot 同币种同跑）
2026-06-14 05:00:11,284 [carry] INFO: HTTP Request: GET https://www.okx.com/api/v5/public/funding-rate?instId=TRX-USDT-SWAP "HTTP/1.1 200 OK"
2026-06-14 05:00:11,682 [carry] INFO: HTTP Request: GET https://www.okx.com/api/v5/public/funding-rate?instId=ETH-USDT-SWAP "HTTP/1.1 200 OK"
2026-06-14 05:00:12,070 [carry] INFO: HTTP Request: GET https://www.okx.com/api/v5/public/funding-rate?instId=SOL-USDT-SWAP "HTTP/1.1 200 OK"
{
  "live": false,
  "scanned": [
    {
      "TRX": -41.02
    },
    {
      "ETH": 2.4
    },
    {
      "SOL": -13.79
    }
  ],
  "opened": [],
  "closed": [],
  "holding": [],
  "would": []
}
2026-06-14 06:00:10,108 [carry] INFO: carry_executor 模式: 🟢 DRY-RUN（不下单）（实盘需 CARRY_LIVE=1，且勿与主 bot 同币种同跑）
2026-06-14 06:00:10,854 [carry] INFO: HTTP Request: GET https://www.okx.com/api/v5/public/funding-rate?instId=TRX-USDT-SWAP "HTTP/1.1 200 OK"
2026-06-14 06:00:11,022 [carry] INFO: HTTP Request: GET https://www.okx.com/api/v5/public/funding-rate?instId=ETH-USDT-SWAP "HTTP/1.1 200 OK"
2026-06-14 06:00:11,244 [carry] INFO: HTTP Request: GET https://www.okx.com/api/v5/public/funding-rate?instId=SOL-USDT-SWAP "HTTP/1.1 200 OK"
{
  "live": false,
  "scanned": [
    {
      "TRX": -51.15
    },
    {
      "ETH": 2.16
    },
    {
      "SOL": -12.84
    }
  ],
  "opened": [],
  "closed": [],
  "holding": [],
  "would": []
}
2026-06-14 07:00:03,868 [carry] INFO: carry_executor 模式: 🟢 DRY-RUN（不下单）（实盘需 CARRY_LIVE=1，且勿与主 bot 同币种同跑）
2026-06-14 07:00:05,178 [carry] INFO: HTTP Request: GET https://www.okx.com/api/v5/public/funding-rate?instId=TRX-USDT-SWAP "HTTP/1.1 200 OK"
2026-06-14 07:00:05,314 [carry] INFO: HTTP Request: GET https://www.okx.com/api/v5/public/funding-rate?instId=ETH-USDT-SWAP "HTTP/1.1 200 OK"
2026-06-14 07:00:05,673 [carry] INFO: HTTP Request: GET https://www.okx.com/api/v5/public/funding-rate?instId=SOL-USDT-SWAP "HTTP/1.1 200 OK"
{
  "live": false,
  "scanned": [
    {
      "TRX": -55.32
    },
    {
      "ETH": 2.07
    },
    {
      "SOL": -12.24
    }
  ],
  "opened": [],
  "closed": [],
  "holding": [],
  "would": []
}
2026-06-14 08:00:09,622 [carry] INFO: carry_executor 模式: 🟢 DRY-RUN（不下单）（实盘需 CARRY_LIVE=1，且勿与主 bot 同币种同跑）
2026-06-14 08:00:10,553 [carry] INFO: HTTP Request: GET https://www.okx.com/api/v5/public/funding-rate?instId=TRX-USDT-SWAP "HTTP/1.1 200 OK"
2026-06-14 08:00:10,732 [carry] INFO: HTTP Request: GET https://www.okx.com/api/v5/public/funding-rate?instId=ETH-USDT-SWAP "HTTP/1.1 200 OK"
2026-06-14 08:00:10,976 [carry] INFO: HTTP Request: GET https://www.okx.com/api/v5/public/funding-rate?instId=SOL-USDT-SWAP "HTTP/1.1 200 OK"
{
  "live": false,
  "scanned": [
    {
      "TRX": -57.25
    },
    {
      "ETH": 0.99
    },
    {
      "SOL": -8.84
    }
  ],
  "opened": [],
  "closed": [],
  "holding": [],
  "would": []
}
2026-06-14 09:00:05,881 [carry] INFO: carry_executor 模式: 🟢 DRY-RUN（不下单）（实盘需 CARRY_LIVE=1，且勿与主 bot 同币种同跑）
2026-06-14 09:00:06,264 [carry] INFO: HTTP Request: GET https://www.okx.com/api/v5/public/funding-rate?instId=TRX-USDT-SWAP "HTTP/1.1 200 OK"
2026-06-14 09:00:06,493 [carry] INFO: HTTP Request: GET https://www.okx.com/api/v5/public/funding-rate?instId=ETH-USDT-SWAP "HTTP/1.1 200 OK"
2026-06-14 09:00:06,911 [carry] INFO: HTTP Request: GET https://www.okx.com/api/v5/public/funding-rate?instId=SOL-USDT-SWAP "HTTP/1.1 200 OK"
{
  "live": false,
  "scanned": [
    {
      "TRX": -59.49
    },
    {
      "ETH": -0.92
    },
    {
      "SOL": -7.09
    }
  ],
  "opened": [],
  "closed": [],
  "holding": [],
  "would": []
}
2026-06-14 10:00:09,734 [carry] INFO: carry_executor 模式: 🟢 DRY-RUN（不下单）（实盘需 CARRY_LIVE=1，且勿与主 bot 同币种同跑）
2026-06-14 10:00:11,357 [carry] INFO: HTTP Request: GET https://www.okx.com/api/v5/public/funding-rate?instId=TRX-USDT-SWAP "HTTP/1.1 200 OK"
2026-06-14 10:00:11,911 [carry] INFO: HTTP Request: GET https://www.okx.com/api/v5/public/funding-rate?instId=ETH-USDT-SWAP "HTTP/1.1 200 OK"
2026-06-14 10:00:12,978 [carry] INFO: HTTP Request: GET https://www.okx.com/api/v5/public/funding-rate?instId=SOL-USDT-SWAP "HTTP/1.1 200 OK"
{
  "live": false,
  "scanned": [
    {
      "TRX": -54.27
    },
    {
      "ETH": 0.21
    },
    {
      "SOL": -3.92
    }
  ],
  "opened": [],
  "closed": [],
  "holding": [],
  "would": []
}
2026-06-14 11:00:09,826 [carry] INFO: carry_executor 模式: 🟢 DRY-RUN（不下单）（实盘需 CARRY_LIVE=1，且勿与主 bot 同币种同跑）
2026-06-14 11:00:14,892 [carry] INFO: HTTP Request: GET https://www.okx.com/api/v5/public/funding-rate?instId=TRX-USDT-SWAP "HTTP/1.1 200 OK"
2026-06-14 11:00:15,079 [carry] INFO: HTTP Request: GET https://www.okx.com/api/v5/public/funding-rate?instId=ETH-USDT-SWAP "HTTP/1.1 200 OK"
2026-06-14 11:00:16,113 [carry] INFO: HTTP Request: GET https://www.okx.com/api/v5/public/funding-rate?instId=SOL-USDT-SWAP "HTTP/1.1 200 OK"
{
  "live": false,
  "scanned": [
    {
      "TRX": -48.74
    },
    {
      "ETH": 0.9
    },
    {
      "SOL": -1.93
    }
  ],
  "opened": [],
  "closed": [],
  "holding": [],
  "would": []
}
2026-06-14 12:00:12,275 [carry] INFO: carry_executor 模式: 🟢 DRY-RUN（不下单）（实盘需 CARRY_LIVE=1，且勿与主 bot 同币种同跑）
2026-06-14 12:00:15,751 [carry] INFO: HTTP Request: GET https://www.okx.com/api/v5/public/funding-rate?instId=TRX-USDT-SWAP "HTTP/1.1 200 OK"
2026-06-14 12:00:16,450 [carry] INFO: HTTP Request: GET https://www.okx.com/api/v5/public/funding-rate?instId=ETH-USDT-SWAP "HTTP/1.1 200 OK"
2026-06-14 12:00:16,715 [carry] INFO: HTTP Request: GET https://www.okx.com/api/v5/public/funding-rate?instId=SOL-USDT-SWAP "HTTP/1.1 200 OK"
{
  "live": false,
  "scanned": [
    {
      "TRX": -40.6
    },
    {
      "ETH": 2.76
    },
    {
      "SOL": -1.16
    }
  ],
  "opened": [],
  "closed": [],
  "holding": [],
  "would": []
}
2026-06-14 13:00:13,850 [carry] INFO: carry_executor 模式: 🟢 DRY-RUN（不下单）（实盘需 CARRY_LIVE=1，且勿与主 bot 同币种同跑）
2026-06-14 13:00:17,192 [carry] INFO: HTTP Request: GET https://www.okx.com/api/v5/public/funding-rate?instId=TRX-USDT-SWAP "HTTP/1.1 200 OK"
2026-06-14 13:00:18,199 [carry] INFO: HTTP Request: GET https://www.okx.com/api/v5/public/funding-rate?instId=ETH-USDT-SWAP "HTTP/1.1 200 OK"
2026-06-14 13:00:18,429 [carry] INFO: HTTP Request: GET https://www.okx.com/api/v5/public/funding-rate?instId=SOL-USDT-SWAP "HTTP/1.1 200 OK"
{
  "live": false,
  "scanned": [
    {
      "TRX": -33.78
    },
    {
      "ETH": 3.4
    },
    {
      "SOL": -1.18
    }
  ],
  "opened": [],
  "closed": [],
  "holding": [],
  "would": []
}
2026-06-14 14:00:10,537 [carry] INFO: carry_executor 模式: 🟢 DRY-RUN（不下单）（实盘需 CARRY_LIVE=1，且勿与主 bot 同币种同跑）
2026-06-14 14:00:12,396 [carry] INFO: HTTP Request: GET https://www.okx.com/api/v5/public/funding-rate?instId=TRX-USDT-SWAP "HTTP/1.1 200 OK"
2026-06-14 14:00:12,604 [carry] INFO: HTTP Request: GET https://www.okx.com/api/v5/public/funding-rate?instId=ETH-USDT-SWAP "HTTP/1.1 200 OK"
2026-06-14 14:00:12,996 [carry] INFO: HTTP Request: GET https://www.okx.com/api/v5/public/funding-rate?instId=SOL-USDT-SWAP "HTTP/1.1 200 OK"
{
  "live": false,
  "scanned": [
    {
      "TRX": -27.53
    },
    {
      "ETH": 3.81
    },
    {
      "SOL": -1.27
    }
  ],
  "opened": [],
  "closed": [],
  "holding": [],
  "would": []
}
2026-06-14 15:00:06,095 [carry] INFO: carry_executor 模式: 🟢 DRY-RUN（不下单）（实盘需 CARRY_LIVE=1，且勿与主 bot 同币种同跑）
2026-06-14 15:00:06,944 [carry] INFO: HTTP Request: GET https://www.okx.com/api/v5/public/funding-rate?instId=TRX-USDT-SWAP "HTTP/1.1 200 OK"
2026-06-14 15:00:07,230 [carry] INFO: HTTP Request: GET https://www.okx.com/api/v5/public/funding-rate?instId=ETH-USDT-SWAP "HTTP/1.1 200 OK"
2026-06-14 15:00:07,466 [carry] INFO: HTTP Request: GET https://www.okx.com/api/v5/public/funding-rate?instId=SOL-USDT-SWAP "HTTP/1.1 200 OK"
{
  "live": false,
  "scanned": [
    {
      "TRX": -22.09
    },
    {
      "ETH": 4.42
    },
    {
      "SOL": -1.93
    }
  ],
  "opened": [],
  "closed": [],
  "holding": [],
  "would": []
}
2026-06-14 16:00:11,222 [carry] INFO: carry_executor 模式: 🟢 DRY-RUN（不下单）（实盘需 CARRY_LIVE=1，且勿与主 bot 同币种同跑）
2026-06-14 16:00:12,758 [carry] INFO: HTTP Request: GET https://www.okx.com/api/v5/public/funding-rate?instId=TRX-USDT-SWAP "HTTP/1.1 200 OK"
2026-06-14 16:00:13,220 [carry] INFO: HTTP Request: GET https://www.okx.com/api/v5/public/funding-rate?instId=ETH-USDT-SWAP "HTTP/1.1 200 OK"
2026-06-14 16:00:15,333 [carry] INFO: HTTP Request: GET https://www.okx.com/api/v5/public/funding-rate?instId=SOL-USDT-SWAP "HTTP/1.1 200 OK"
{
  "live": false,
  "scanned": [
    {
      "TRX": -23.42
    },
    {
      "ETH": 5.13
    },
    {
      "SOL": -1.54
    }
  ],
  "opened": [],
  "closed": [],
  "holding": [],
  "would": []
}
2026-06-14 17:00:07,449 [carry] INFO: carry_executor 模式: 🟢 DRY-RUN（不下单）（实盘需 CARRY_LIVE=1，且勿与主 bot 同币种同跑）
2026-06-14 17:00:11,690 [carry] INFO: HTTP Request: GET https://www.okx.com/api/v5/public/funding-rate?instId=TRX-USDT-SWAP "HTTP/1.1 200 OK"
2026-06-14 17:00:12,103 [carry] INFO: HTTP Request: GET https://www.okx.com/api/v5/public/funding-rate?instId=ETH-USDT-SWAP "HTTP/1.1 200 OK"
2026-06-14 17:00:12,486 [carry] INFO: HTTP Request: GET https://www.okx.com/api/v5/public/funding-rate?instId=SOL-USDT-SWAP "HTTP/1.1 200 OK"
{
  "live": false,
  "scanned": [
    {
      "TRX": -26.42
    },
    {
      "ETH": 4.77
    },
    {
      "SOL": -2.12
    }
  ],
  "opened": [],
  "closed": [],
  "holding": [],
  "would": []
}
2026-06-14 18:00:09,978 [carry] INFO: carry_executor 模式: 🟢 DRY-RUN（不下单）（实盘需 CARRY_LIVE=1，且勿与主 bot 同币种同跑）
2026-06-14 18:00:11,746 [carry] INFO: HTTP Request: GET https://www.okx.com/api/v5/public/funding-rate?instId=TRX-USDT-SWAP "HTTP/1.1 200 OK"
2026-06-14 18:00:12,453 [carry] INFO: HTTP Request: GET https://www.okx.com/api/v5/public/funding-rate?instId=ETH-USDT-SWAP "HTTP/1.1 200 OK"
2026-06-14 18:00:12,964 [carry] INFO: HTTP Request: GET https://www.okx.com/api/v5/public/funding-rate?instId=SOL-USDT-SWAP "HTTP/1.1 200 OK"
{
  "live": false,
  "scanned": [
    {
      "TRX": -25.37
    },
    {
      "ETH": 3.4
    },
    {
      "SOL": -3.64
    }
  ],
  "opened": [],
  "closed": [],
  "holding": [],
  "would": []
}
2026-06-14 19:00:13,091 [carry] INFO: carry_executor 模式: 🟢 DRY-RUN（不下单）（实盘需 CARRY_LIVE=1，且勿与主 bot 同币种同跑）
2026-06-14 19:00:14,166 [carry] INFO: HTTP Request: GET https://www.okx.com/api/v5/public/funding-rate?instId=TRX-USDT-SWAP "HTTP/1.1 200 OK"
2026-06-14 19:00:14,369 [carry] INFO: HTTP Request: GET https://www.okx.com/api/v5/public/funding-rate?instId=ETH-USDT-SWAP "HTTP/1.1 200 OK"
2026-06-14 19:00:14,576 [carry] INFO: HTTP Request: GET https://www.okx.com/api/v5/public/funding-rate?instId=SOL-USDT-SWAP "HTTP/1.1 200 OK"
{
  "live": false,
  "scanned": [
    {
      "TRX": -27.06
    },
    {
      "ETH": 3.11
    },
    {
      "SOL": -4.36
    }
  ],
  "opened": [],
  "closed": [],
  "holding": [],
  "would": []
}
2026-06-14 20:00:14,532 [carry] INFO: carry_executor 模式: 🟢 DRY-RUN（不下单）（实盘需 CARRY_LIVE=1，且勿与主 bot 同币种同跑）
2026-06-14 20:00:15,184 [carry] INFO: HTTP Request: GET https://www.okx.com/api/v5/public/funding-rate?instId=TRX-USDT-SWAP "HTTP/1.1 200 OK"
2026-06-14 20:00:15,335 [carry] INFO: HTTP Request: GET https://www.okx.com/api/v5/public/funding-rate?instId=ETH-USDT-SWAP "HTTP/1.1 200 OK"
2026-06-14 20:00:15,682 [carry] INFO: HTTP Request: GET https://www.okx.com/api/v5/public/funding-rate?instId=SOL-USDT-SWAP "HTTP/1.1 200 OK"
{
  "live": false,
  "scanned": [
    {
      "TRX": -27.73
    },
    {
      "ETH": 5.63
    },
    {
      "SOL": -6.66
    }
  ],
  "opened": [],
  "closed": [],
  "holding": [],
  "would": []
}
2026-06-14 21:00:05,008 [carry] INFO: carry_executor 模式: 🟢 DRY-RUN（不下单）（实盘需 CARRY_LIVE=1，且勿与主 bot 同币种同跑）
2026-06-14 21:00:05,651 [carry] INFO: HTTP Request: GET https://www.okx.com/api/v5/public/funding-rate?instId=TRX-USDT-SWAP "HTTP/1.1 200 OK"
2026-06-14 21:00:05,771 [carry] INFO: HTTP Request: GET https://www.okx.com/api/v5/public/funding-rate?instId=ETH-USDT-SWAP "HTTP/1.1 200 OK"
2026-06-14 21:00:06,049 [carry] INFO: HTTP Request: GET https://www.okx.com/api/v5/public/funding-rate?instId=SOL-USDT-SWAP "HTTP/1.1 200 OK"
{
  "live": false,
  "scanned": [
    {
      "TRX": -28.36
    },
    {
      "ETH": 7.49
    },
    {
      "SOL": -9.02
    }
  ],
  "opened": [],
  "closed": [],
  "holding": [],
  "would": []
}
2026-06-14 22:00:09,139 [carry] INFO: carry_executor 模式: 🟢 DRY-RUN（不下单）（实盘需 CARRY_LIVE=1，且勿与主 bot 同币种同跑）
2026-06-14 22:00:11,691 [carry] INFO: HTTP Request: GET https://www.okx.com/api/v5/public/funding-rate?instId=TRX-USDT-SWAP "HTTP/1.1 200 OK"
2026-06-14 22:00:11,889 [carry] INFO: HTTP Request: GET https://www.okx.com/api/v5/public/funding-rate?instId=ETH-USDT-SWAP "HTTP/1.1 200 OK"
2026-06-14 22:00:12,170 [carry] INFO: HTTP Request: GET https://www.okx.com/api/v5/public/funding-rate?instId=SOL-USDT-SWAP "HTTP/1.1 200 OK"
{
  "live": false,
  "scanned": [
    {
      "TRX": -30.25
    },
    {
      "ETH": 8.59
    },
    {
      "SOL": -10.9
    }
  ],
  "opened": [],
  "closed": [],
  "holding": [],
  "would": []
}
2026-06-14 23:00:03,427 [carry] INFO: carry_executor 模式: 🟢 DRY-RUN（不下单）（实盘需 CARRY_LIVE=1，且勿与主 bot 同币种同跑）
2026-06-14 23:00:04,081 [carry] INFO: HTTP Request: GET https://www.okx.com/api/v5/public/funding-rate?instId=TRX-USDT-SWAP "HTTP/1.1 200 OK"
2026-06-14 23:00:04,244 [carry] INFO: HTTP Request: GET https://www.okx.com/api/v5/public/funding-rate?instId=ETH-USDT-SWAP "HTTP/1.1 200 OK"
2026-06-14 23:00:04,573 [carry] INFO: HTTP Request: GET https://www.okx.com/api/v5/public/funding-rate?instId=SOL-USDT-SWAP "HTTP/1.1 200 OK"
{
  "live": false,
  "scanned": [
    {
      "TRX": -32.21
    },
    {
      "ETH": 7.82
    },
    {
      "SOL": -13.21
    }
  ],
  "opened": [],
  "closed": [],
  "holding": [],
  "would": []
}
2026-06-15 00:00:13,916 [carry] INFO: carry_executor 模式: 🟢 DRY-RUN（不下单）（实盘需 CARRY_LIVE=1，且勿与主 bot 同币种同跑）
2026-06-15 00:00:15,593 [carry] INFO: HTTP Request: GET https://www.okx.com/api/v5/public/funding-rate?instId=TRX-USDT-SWAP "HTTP/1.1 200 OK"
2026-06-15 00:00:17,612 [carry] INFO: HTTP Request: GET https://www.okx.com/api/v5/public/funding-rate?instId=ETH-USDT-SWAP "HTTP/1.1 200 OK"
2026-06-15 00:00:19,122 [carry] INFO: HTTP Request: GET https://www.okx.com/api/v5/public/funding-rate?instId=SOL-USDT-SWAP "HTTP/1.1 200 OK"
{
  "live": false,
  "scanned": [
    {
      "TRX": -32.15
    },
    {
      "ETH": 7.04
    },
    {
      "SOL": -10.66
    }
  ],
  "opened": [],
  "closed": [],
  "holding": [],
  "would": []
}
2026-06-15 01:00:08,866 [carry] INFO: carry_executor 模式: 🟢 DRY-RUN（不下单）（实盘需 CARRY_LIVE=1，且勿与主 bot 同币种同跑）
2026-06-15 01:00:10,924 [carry] INFO: HTTP Request: GET https://www.okx.com/api/v5/public/funding-rate?instId=TRX-USDT-SWAP "HTTP/1.1 200 OK"
2026-06-15 01:00:11,192 [carry] INFO: HTTP Request: GET https://www.okx.com/api/v5/public/funding-rate?instId=ETH-USDT-SWAP "HTTP/1.1 200 OK"
2026-06-15 01:00:11,750 [carry] INFO: HTTP Request: GET https://www.okx.com/api/v5/public/funding-rate?instId=SOL-USDT-SWAP "HTTP/1.1 200 OK"
{
  "live": false,
  "scanned": [
    {
      "TRX": -27.59
    },
    {
      "ETH": 3.21
    },
    {
      "SOL": -9.03
    }
  ],
  "opened": [],
  "closed": [],
  "holding": [],
  "would": []
}
2026-06-15 02:00:14,003 [carry] INFO: carry_executor 模式: 🟢 DRY-RUN（不下单）（实盘需 CARRY_LIVE=1，且勿与主 bot 同币种同跑）
2026-06-15 02:00:22,814 [carry] INFO: HTTP Request: GET https://www.okx.com/api/v5/public/funding-rate?instId=TRX-USDT-SWAP "HTTP/1.1 200 OK"
2026-06-15 02:00:23,017 [carry] INFO: HTTP Request: GET https://www.okx.com/api/v5/public/funding-rate?instId=ETH-USDT-SWAP "HTTP/1.1 200 OK"
2026-06-15 02:00:23,210 [carry] INFO: HTTP Request: GET https://www.okx.com/api/v5/public/funding-rate?instId=SOL-USDT-SWAP "HTTP/1.1 200 OK"
{
  "live": false,
  "scanned": [
    {
      "TRX": -22.49
    },
    {
      "ETH": -1.83
    },
    {
      "SOL": -9.02
    }
  ],
  "opened": [],
  "closed": [],
  "holding": [],
  "would": []
}
2026-06-15 03:00:08,297 [carry] INFO: carry_executor 模式: 🟢 DRY-RUN（不下单）（实盘需 CARRY_LIVE=1，且勿与主 bot 同币种同跑）
2026-06-15 03:00:09,446 [carry] INFO: HTTP Request: GET https://www.okx.com/api/v5/public/funding-rate?instId=TRX-USDT-SWAP "HTTP/1.1 200 OK"
2026-06-15 03:00:09,611 [carry] INFO: HTTP Request: GET https://www.okx.com/api/v5/public/funding-rate?instId=ETH-USDT-SWAP "HTTP/1.1 200 OK"
2026-06-15 03:00:09,748 [carry] INFO: HTTP Request: GET https://www.okx.com/api/v5/public/funding-rate?instId=SOL-USDT-SWAP "HTTP/1.1 200 OK"
{
  "live": false,
  "scanned": [
    {
      "TRX": -15.06
    },
    {
      "ETH": -4.99
    },
    {
      "SOL": -7.98
    }
  ],
  "opened": [],
  "closed": [],
  "holding": [],
  "would": []
}
2026-06-15 04:00:08,508 [carry] INFO: carry_executor 模式: 🟢 DRY-RUN（不下单）（实盘需 CARRY_LIVE=1，且勿与主 bot 同币种同跑）
2026-06-15 04:00:11,091 [carry] INFO: HTTP Request: GET https://www.okx.com/api/v5/public/funding-rate?instId=TRX-USDT-SWAP "HTTP/1.1 200 OK"
2026-06-15 04:00:11,314 [carry] INFO: HTTP Request: GET https://www.okx.com/api/v5/public/funding-rate?instId=ETH-USDT-SWAP "HTTP/1.1 200 OK"
2026-06-15 04:00:11,540 [carry] INFO: HTTP Request: GET https://www.okx.com/api/v5/public/funding-rate?instId=SOL-USDT-SWAP "HTTP/1.1 200 OK"
{
  "live": false,
  "scanned": [
    {
      "TRX": -9.53
    },
    {
      "ETH": -5.21
    },
    {
      "SOL": -6.2
    }
  ],
  "opened": [],
  "closed": [],
  "holding": [],
  "would": []
}
2026-06-15 05:00:13,083 [carry] INFO: carry_executor 模式: 🟢 DRY-RUN（不下单）（实盘需 CARRY_LIVE=1，且勿与主 bot 同币种同跑）
2026-06-15 05:00:14,404 [carry] INFO: HTTP Request: GET https://www.okx.com/api/v5/public/funding-rate?instId=TRX-USDT-SWAP "HTTP/1.1 200 OK"
2026-06-15 05:00:14,598 [carry] INFO: HTTP Request: GET https://www.okx.com/api/v5/public/funding-rate?instId=ETH-USDT-SWAP "HTTP/1.1 200 OK"
2026-06-15 05:00:14,783 [carry] INFO: HTTP Request: GET https://www.okx.com/api/v5/public/funding-rate?instId=SOL-USDT-SWAP "HTTP/1.1 200 OK"
{
  "live": false,
  "scanned": [
    {
      "TRX": -6.54
    },
    {
      "ETH": -4.65
    },
    {
      "SOL": -3.57
    }
  ],
  "opened": [],
  "closed": [],
  "holding": [],
  "would": []
}
2026-06-15 06:00:13,412 [carry] INFO: carry_executor 模式: 🟢 DRY-RUN（不下单）（实盘需 CARRY_LIVE=1，且勿与主 bot 同币种同跑）
2026-06-15 06:00:17,196 [carry] INFO: HTTP Request: GET https://www.okx.com/api/v5/public/funding-rate?instId=TRX-USDT-SWAP "HTTP/1.1 200 OK"
2026-06-15 06:00:17,500 [carry] INFO: HTTP Request: GET https://www.okx.com/api/v5/public/funding-rate?instId=ETH-USDT-SWAP "HTTP/1.1 200 OK"
2026-06-15 06:00:18,204 [carry] INFO: HTTP Request: GET https://www.okx.com/api/v5/public/funding-rate?instId=SOL-USDT-SWAP "HTTP/1.1 200 OK"
{
  "live": false,
  "scanned": [
    {
      "TRX": -1.65
    },
    {
      "ETH": -3.49
    },
    {
      "SOL": -2.28
    }
  ],
  "opened": [],
  "closed": [],
  "holding": [],
  "would": []
}
2026-06-15 07:00:13,615 [carry] INFO: carry_executor 模式: 🟢 DRY-RUN（不下单）（实盘需 CARRY_LIVE=1，且勿与主 bot 同币种同跑）
2026-06-15 07:00:15,982 [carry] INFO: HTTP Request: GET https://www.okx.com/api/v5/public/funding-rate?instId=TRX-USDT-SWAP "HTTP/1.1 200 OK"
2026-06-15 07:00:16,204 [carry] INFO: HTTP Request: GET https://www.okx.com/api/v5/public/funding-rate?instId=ETH-USDT-SWAP "HTTP/1.1 200 OK"
2026-06-15 07:00:16,397 [carry] INFO: HTTP Request: GET https://www.okx.com/api/v5/public/funding-rate?instId=SOL-USDT-SWAP "HTTP/1.1 200 OK"
{
  "live": false,
  "scanned": [
    {
      "TRX": -1.61
    },
    {
      "ETH": -1.36
    },
    {
      "SOL": -1.22
    }
  ],
  "opened": [],
  "closed": [],
  "holding": [],
  "would": []
}
2026-06-15 08:00:13,165 [carry] INFO: carry_executor 模式: 🟢 DRY-RUN（不下单）（实盘需 CARRY_LIVE=1，且勿与主 bot 同币种同跑）
2026-06-15 08:00:20,161 [carry] INFO: HTTP Request: GET https://www.okx.com/api/v5/public/funding-rate?instId=TRX-USDT-SWAP "HTTP/1.1 200 OK"
2026-06-15 08:00:20,405 [carry] INFO: HTTP Request: GET https://www.okx.com/api/v5/public/funding-rate?instId=ETH-USDT-SWAP "HTTP/1.1 200 OK"
2026-06-15 08:00:20,917 [carry] INFO: HTTP Request: GET https://www.okx.com/api/v5/public/funding-rate?instId=SOL-USDT-SWAP "HTTP/1.1 200 OK"
{
  "live": false,
  "scanned": [
    {
      "TRX": -4.6
    },
    {
      "ETH": 0.97
    },
    {
      "SOL": -0.71
    }
  ],
  "opened": [],
  "closed": [],
  "holding": [],
  "would": []
}
2026-06-15 09:00:04,909 [carry] INFO: carry_executor 模式: 🟢 DRY-RUN（不下单）（实盘需 CARRY_LIVE=1，且勿与主 bot 同币种同跑）
2026-06-15 09:00:09,510 [carry] INFO: HTTP Request: GET https://www.okx.com/api/v5/public/funding-rate?instId=TRX-USDT-SWAP "HTTP/1.1 200 OK"
2026-06-15 09:00:11,161 [carry] INFO: HTTP Request: GET https://www.okx.com/api/v5/public/funding-rate?instId=ETH-USDT-SWAP "HTTP/1.1 200 OK"
2026-06-15 09:00:12,503 [carry] INFO: HTTP Request: GET https://www.okx.com/api/v5/public/funding-rate?instId=SOL-USDT-SWAP "HTTP/1.1 200 OK"
{
  "live": false,
  "scanned": [
    {
      "TRX": -8.94
    },
    {
      "ETH": 1.64
    },
    {
      "SOL": -1.01
    }
  ],
  "opened": [],
  "closed": [],
  "holding": [],
  "would": []
}
2026-06-15 10:00:11,878 [carry] INFO: carry_executor 模式: 🟢 DRY-RUN（不下单）（实盘需 CARRY_LIVE=1，且勿与主 bot 同币种同跑）
2026-06-15 10:00:16,917 [carry] INFO: HTTP Request: GET https://www.okx.com/api/v5/public/funding-rate?instId=TRX-USDT-SWAP "HTTP/1.1 200 OK"
2026-06-15 10:00:17,142 [carry] INFO: HTTP Request: GET https://www.okx.com/api/v5/public/funding-rate?instId=ETH-USDT-SWAP "HTTP/1.1 200 OK"
2026-06-15 10:00:17,323 [carry] INFO: HTTP Request: GET https://www.okx.com/api/v5/public/funding-rate?instId=SOL-USDT-SWAP "HTTP/1.1 200 OK"
{
  "live": false,
  "scanned": [
    {
      "TRX": -12.1
    },
    {
      "ETH": 1.93
    },
    {
      "SOL": -3.19
    }
  ],
  "opened": [],
  "closed": [],
  "holding": [],
  "would": []
}
2026-06-15 11:00:13,949 [carry] INFO: carry_executor 模式: 🟢 DRY-RUN（不下单）（实盘需 CARRY_LIVE=1，且勿与主 bot 同币种同跑）
2026-06-15 11:00:16,759 [carry] INFO: HTTP Request: GET https://www.okx.com/api/v5/public/funding-rate?instId=TRX-USDT-SWAP "HTTP/1.1 200 OK"
2026-06-15 11:00:17,060 [carry] INFO: HTTP Request: GET https://www.okx.com/api/v5/public/funding-rate?instId=ETH-USDT-SWAP "HTTP/1.1 200 OK"
2026-06-15 11:00:17,225 [carry] INFO: HTTP Request: GET https://www.okx.com/api/v5/public/funding-rate?instId=SOL-USDT-SWAP "HTTP/1.1 200 OK"
{
  "live": false,
  "scanned": [
    {
      "TRX": -14.27
    },
    {
      "ETH": 1.12
    },
    {
      "SOL": -6.3
    }
  ],
  "opened": [],
  "closed": [],
  "holding": [],
  "would": []
}
2026-06-15 12:00:14,270 [carry] INFO: carry_executor 模式: 🟢 DRY-RUN（不下单）（实盘需 CARRY_LIVE=1，且勿与主 bot 同币种同跑）
2026-06-15 12:00:17,749 [carry] INFO: HTTP Request: GET https://www.okx.com/api/v5/public/funding-rate?instId=TRX-USDT-SWAP "HTTP/1.1 200 OK"
2026-06-15 12:00:18,276 [carry] INFO: HTTP Request: GET https://www.okx.com/api/v5/public/funding-rate?instId=ETH-USDT-SWAP "HTTP/1.1 200 OK"
2026-06-15 12:00:18,925 [carry] INFO: HTTP Request: GET https://www.okx.com/api/v5/public/funding-rate?instId=SOL-USDT-SWAP "HTTP/1.1 200 OK"
{
  "live": false,
  "scanned": [
    {
      "TRX": -16.59
    },
    {
      "ETH": 0.52
    },
    {
      "SOL": -9.28
    }
  ],
  "opened": [],
  "closed": [],
  "holding": [],
  "would": []
}
2026-06-15 13:00:12,199 [carry] INFO: carry_executor 模式: 🟢 DRY-RUN（不下单）（实盘需 CARRY_LIVE=1，且勿与主 bot 同币种同跑）
2026-06-15 13:00:22,905 [carry] INFO: HTTP Request: GET https://www.okx.com/api/v5/public/funding-rate?instId=TRX-USDT-SWAP "HTTP/1.1 200 OK"
2026-06-15 13:00:23,254 [carry] INFO: HTTP Request: GET https://www.okx.com/api/v5/public/funding-rate?instId=ETH-USDT-SWAP "HTTP/1.1 200 OK"
2026-06-15 13:00:24,338 [carry] INFO: HTTP Request: GET https://www.okx.com/api/v5/public/funding-rate?instId=SOL-USDT-SWAP "HTTP/1.1 200 OK"
{
  "live": false,
  "scanned": [
    {
      "TRX": -16.87
    },
    {
      "ETH": -3.53
    },
    {
      "SOL": -12.68
    }
  ],
  "opened": [],
  "closed": [],
  "holding": [],
  "would": []
}
2026-06-15 14:00:04,117 [carry] INFO: carry_executor 模式: 🟢 DRY-RUN（不下单）（实盘需 CARRY_LIVE=1，且勿与主 bot 同币种同跑）
2026-06-15 14:00:05,196 [carry] INFO: HTTP Request: GET https://www.okx.com/api/v5/public/funding-rate?instId=TRX-USDT-SWAP "HTTP/1.1 200 OK"
2026-06-15 14:00:05,376 [carry] INFO: HTTP Request: GET https://www.okx.com/api/v5/public/funding-rate?instId=ETH-USDT-SWAP "HTTP/1.1 200 OK"
2026-06-15 14:00:05,600 [carry] INFO: HTTP Request: GET https://www.okx.com/api/v5/public/funding-rate?instId=SOL-USDT-SWAP "HTTP/1.1 200 OK"
{
  "live": false,
  "scanned": [
    {
      "TRX": -16.35
    },
    {
      "ETH": -5.14
    },
    {
      "SOL": -12.9
    }
  ],
  "opened": [],
  "closed": [],
  "holding": [],
  "would": []
}
2026-06-15 15:00:12,424 [carry] INFO: carry_executor 模式: 🟢 DRY-RUN（不下单）（实盘需 CARRY_LIVE=1，且勿与主 bot 同币种同跑）
2026-06-15 15:00:16,339 [carry] INFO: HTTP Request: GET https://www.okx.com/api/v5/public/funding-rate?instId=TRX-USDT-SWAP "HTTP/1.1 200 OK"
2026-06-15 15:00:16,580 [carry] INFO: HTTP Request: GET https://www.okx.com/api/v5/public/funding-rate?instId=ETH-USDT-SWAP "HTTP/1.1 200 OK"
2026-06-15 15:00:17,001 [carry] INFO: HTTP Request: GET https://www.okx.com/api/v5/public/funding-rate?instId=SOL-USDT-SWAP "HTTP/1.1 200 OK"
{
  "live": false,
  "scanned": [
    {
      "TRX": -15.29
    },
    {
      "ETH": -7.46
    },
    {
      "SOL": -12.25
    }
  ],
  "opened": [],
  "closed": [],
  "holding": [],
  "would": []
}
2026-06-15 16:00:09,037 [carry] INFO: carry_executor 模式: 🟢 DRY-RUN（不下单）（实盘需 CARRY_LIVE=1，且勿与主 bot 同币种同跑）
2026-06-15 16:00:09,793 [carry] INFO: HTTP Request: GET https://www.okx.com/api/v5/public/funding-rate?instId=TRX-USDT-SWAP "HTTP/1.1 200 OK"
2026-06-15 16:00:09,980 [carry] INFO: HTTP Request: GET https://www.okx.com/api/v5/public/funding-rate?instId=ETH-USDT-SWAP "HTTP/1.1 200 OK"
2026-06-15 16:00:10,303 [carry] INFO: HTTP Request: GET https://www.okx.com/api/v5/public/funding-rate?instId=SOL-USDT-SWAP "HTTP/1.1 200 OK"
{
  "live": false,
  "scanned": [
    {
      "TRX": -12.38
    },
    {
      "ETH": -6.62
    },
    {
      "SOL": -10.8
    }
  ],
  "opened": [],
  "closed": [],
  "holding": [],
  "would": []
}
2026-06-15 17:00:11,032 [carry] INFO: carry_executor 模式: 🟢 DRY-RUN（不下单）（实盘需 CARRY_LIVE=1，且勿与主 bot 同币种同跑）
2026-06-15 17:00:16,121 [carry] INFO: HTTP Request: GET https://www.okx.com/api/v5/public/funding-rate?instId=TRX-USDT-SWAP "HTTP/1.1 200 OK"
2026-06-15 17:00:16,332 [carry] INFO: HTTP Request: GET https://www.okx.com/api/v5/public/funding-rate?instId=ETH-USDT-SWAP "HTTP/1.1 200 OK"
2026-06-15 17:00:16,507 [carry] INFO: HTTP Request: GET https://www.okx.com/api/v5/public/funding-rate?instId=SOL-USDT-SWAP "HTTP/1.1 200 OK"
{
  "live": false,
  "scanned": [
    {
      "TRX": -17.42
    },
    {
      "ETH": -5.03
    },
    {
      "SOL": -10.47
    }
  ],
  "opened": [],
  "closed": [],
  "holding": [],
  "would": []
}
2026-06-15 18:00:10,879 [carry] INFO: carry_executor 模式: 🟢 DRY-RUN（不下单）（实盘需 CARRY_LIVE=1，且勿与主 bot 同币种同跑）
2026-06-15 18:00:17,650 [carry] INFO: HTTP Request: GET https://www.okx.com/api/v5/public/funding-rate?instId=TRX-USDT-SWAP "HTTP/1.1 200 OK"
2026-06-15 18:00:18,392 [carry] INFO: HTTP Request: GET https://www.okx.com/api/v5/public/funding-rate?instId=ETH-USDT-SWAP "HTTP/1.1 200 OK"
2026-06-15 18:00:19,266 [carry] INFO: HTTP Request: GET https://www.okx.com/api/v5/public/funding-rate?instId=SOL-USDT-SWAP "HTTP/1.1 200 OK"
{
  "live": false,
  "scanned": [
    {
      "TRX": -20.51
    },
    {
      "ETH": -4.65
    },
    {
      "SOL": -9.94
    }
  ],
  "opened": [],
  "closed": [],
  "holding": [],
  "would": []
}
2026-06-15 19:00:09,229 [carry] INFO: carry_executor 模式: 🟢 DRY-RUN（不下单）（实盘需 CARRY_LIVE=1，且勿与主 bot 同币种同跑）
2026-06-15 19:00:11,253 [carry] INFO: HTTP Request: GET https://www.okx.com/api/v5/public/funding-rate?instId=TRX-USDT-SWAP "HTTP/1.1 200 OK"
2026-06-15 19:00:11,574 [carry] INFO: HTTP Request: GET https://www.okx.com/api/v5/public/funding-rate?instId=ETH-USDT-SWAP "HTTP/1.1 200 OK"
2026-06-15 19:00:12,369 [carry] INFO: HTTP Request: GET https://www.okx.com/api/v5/public/funding-rate?instId=SOL-USDT-SWAP "HTTP/1.1 200 OK"
{
  "live": false,
  "scanned": [
    {
      "TRX": -26.06
    },
    {
      "ETH": -3.2
    },
    {
      "SOL": -6.52
    }
  ],
  "opened": [],
  "closed": [],
  "holding": [],
  "would": []
}
2026-06-15 20:00:10,447 [carry] INFO: carry_executor 模式: 🟢 DRY-RUN（不下单）（实盘需 CARRY_LIVE=1，且勿与主 bot 同币种同跑）
2026-06-15 20:00:14,903 [carry] INFO: HTTP Request: GET https://www.okx.com/api/v5/public/funding-rate?instId=TRX-USDT-SWAP "HTTP/1.1 200 OK"
2026-06-15 20:00:16,382 [carry] INFO: HTTP Request: GET https://www.okx.com/api/v5/public/funding-rate?instId=ETH-USDT-SWAP "HTTP/1.1 200 OK"
2026-06-15 20:00:16,591 [carry] INFO: HTTP Request: GET https://www.okx.com/api/v5/public/funding-rate?instId=SOL-USDT-SWAP "HTTP/1.1 200 OK"
{
  "live": false,
  "scanned": [
    {
      "TRX": -24.86
    },
    {
      "ETH": -2.64
    },
    {
      "SOL": -1.02
    }
  ],
  "opened": [],
  "closed": [],
  "holding": [],
  "would": []
}
2026-06-15 21:00:10,331 [carry] INFO: carry_executor 模式: 🟢 DRY-RUN（不下单）（实盘需 CARRY_LIVE=1，且勿与主 bot 同币种同跑）
2026-06-15 21:00:12,165 [carry] INFO: HTTP Request: GET https://www.okx.com/api/v5/public/funding-rate?instId=TRX-USDT-SWAP "HTTP/1.1 200 OK"
2026-06-15 21:00:14,212 [carry] INFO: HTTP Request: GET https://www.okx.com/api/v5/public/funding-rate?instId=ETH-USDT-SWAP "HTTP/1.1 200 OK"
2026-06-15 21:00:14,387 [carry] INFO: HTTP Request: GET https://www.okx.com/api/v5/public/funding-rate?instId=SOL-USDT-SWAP "HTTP/1.1 200 OK"
{
  "live": false,
  "scanned": [
    {
      "TRX": -22.26
    },
    {
      "ETH": -2.24
    },
    {
      "SOL": 1.52
    }
  ],
  "opened": [],
  "closed": [],
  "holding": [],
  "would": []
}
2026-06-15 22:00:11,568 [carry] INFO: carry_executor 模式: 🟢 DRY-RUN（不下单）（实盘需 CARRY_LIVE=1，且勿与主 bot 同币种同跑）
2026-06-15 22:00:13,677 [carry] INFO: HTTP Request: GET https://www.okx.com/api/v5/public/funding-rate?instId=TRX-USDT-SWAP "HTTP/1.1 200 OK"
2026-06-15 22:00:13,980 [carry] INFO: HTTP Request: GET https://www.okx.com/api/v5/public/funding-rate?instId=ETH-USDT-SWAP "HTTP/1.1 200 OK"
2026-06-15 22:00:14,478 [carry] INFO: HTTP Request: GET https://www.okx.com/api/v5/public/funding-rate?instId=SOL-USDT-SWAP "HTTP/1.1 200 OK"
{
  "live": false,
  "scanned": [
    {
      "TRX": -17.31
    },
    {
      "ETH": -0.6
    },
    {
      "SOL": 2.03
    }
  ],
  "opened": [],
  "closed": [],
  "holding": [],
  "would": []
}
2026-06-15 23:00:11,475 [carry] INFO: carry_executor 模式: 🟢 DRY-RUN（不下单）（实盘需 CARRY_LIVE=1，且勿与主 bot 同币种同跑）
2026-06-15 23:00:11,901 [carry] INFO: HTTP Request: GET https://www.okx.com/api/v5/public/funding-rate?instId=TRX-USDT-SWAP "HTTP/1.1 200 OK"
2026-06-15 23:00:12,068 [carry] INFO: HTTP Request: GET https://www.okx.com/api/v5/public/funding-rate?instId=ETH-USDT-SWAP "HTTP/1.1 200 OK"
2026-06-15 23:00:12,245 [carry] INFO: HTTP Request: GET https://www.okx.com/api/v5/public/funding-rate?instId=SOL-USDT-SWAP "HTTP/1.1 200 OK"
{
  "live": false,
  "scanned": [
    {
      "TRX": -12.82
    },
    {
      "ETH": 1.61
    },
    {
      "SOL": 3.7
    }
  ],
  "opened": [],
  "closed": [],
  "holding": [],
  "would": []
}
2026-06-16 00:00:14,990 [carry] INFO: carry_executor 模式: 🟢 DRY-RUN（不下单）（实盘需 CARRY_LIVE=1，且勿与主 bot 同币种同跑）
2026-06-16 00:00:20,360 [carry] INFO: HTTP Request: GET https://www.okx.com/api/v5/public/funding-rate?instId=TRX-USDT-SWAP "HTTP/1.1 200 OK"
2026-06-16 00:00:21,187 [carry] INFO: HTTP Request: GET https://www.okx.com/api/v5/public/funding-rate?instId=ETH-USDT-SWAP "HTTP/1.1 200 OK"
2026-06-16 00:00:22,522 [carry] INFO: HTTP Request: GET https://www.okx.com/api/v5/public/funding-rate?instId=SOL-USDT-SWAP "HTTP/1.1 200 OK"
{
  "live": false,
  "scanned": [
    {
      "TRX": -8.31
    },
    {
      "ETH": 3.47
    },
    {
      "SOL": 4.21
    }
  ],
  "opened": [],
  "closed": [],
  "holding": [],
  "would": []
}
2026-06-16 01:00:16,886 [carry] INFO: carry_executor 模式: 🟢 DRY-RUN（不下单）（实盘需 CARRY_LIVE=1，且勿与主 bot 同币种同跑）
2026-06-16 01:00:19,381 [carry] INFO: HTTP Request: GET https://www.okx.com/api/v5/public/funding-rate?instId=TRX-USDT-SWAP "HTTP/1.1 200 OK"
2026-06-16 01:00:19,656 [carry] INFO: HTTP Request: GET https://www.okx.com/api/v5/public/funding-rate?instId=ETH-USDT-SWAP "HTTP/1.1 200 OK"
2026-06-16 01:00:19,867 [carry] INFO: HTTP Request: GET https://www.okx.com/api/v5/public/funding-rate?instId=SOL-USDT-SWAP "HTTP/1.1 200 OK"
{
  "live": false,
  "scanned": [
    {
      "TRX": -7.36
    },
    {
      "ETH": 3.32
    },
    {
      "SOL": 4.03
    }
  ],
  "opened": [],
  "closed": [],
  "holding": [],
  "would": []
}
2026-06-16 02:00:12,219 [carry] INFO: carry_executor 模式: 🟢 DRY-RUN（不下单）（实盘需 CARRY_LIVE=1，且勿与主 bot 同币种同跑）
2026-06-16 02:00:21,958 [carry] INFO: HTTP Request: GET https://www.okx.com/api/v5/public/funding-rate?instId=TRX-USDT-SWAP "HTTP/1.1 200 OK"
2026-06-16 02:00:22,489 [carry] INFO: HTTP Request: GET https://www.okx.com/api/v5/public/funding-rate?instId=ETH-USDT-SWAP "HTTP/1.1 200 OK"
2026-06-16 02:00:22,913 [carry] INFO: HTTP Request: GET https://www.okx.com/api/v5/public/funding-rate?instId=SOL-USDT-SWAP "HTTP/1.1 200 OK"
{
  "live": false,
  "scanned": [
    {
      "TRX": -11.45
    },
    {
      "ETH": 1.47
    },
    {
      "SOL": 3.32
    }
  ],
  "opened": [],
  "closed": [],
  "holding": [],
  "would": []
}
2026-06-16 03:00:08,522 [carry] INFO: carry_executor 模式: 🟢 DRY-RUN（不下单）（实盘需 CARRY_LIVE=1，且勿与主 bot 同币种同跑）
2026-06-16 03:00:10,910 [carry] INFO: HTTP Request: GET https://www.okx.com/api/v5/public/funding-rate?instId=TRX-USDT-SWAP "HTTP/1.1 200 OK"
2026-06-16 03:00:11,521 [carry] INFO: HTTP Request: GET https://www.okx.com/api/v5/public/funding-rate?instId=ETH-USDT-SWAP "HTTP/1.1 200 OK"
2026-06-16 03:00:11,831 [carry] INFO: HTTP Request: GET https://www.okx.com/api/v5/public/funding-rate?instId=SOL-USDT-SWAP "HTTP/1.1 200 OK"
{
  "live": false,
  "scanned": [
    {
      "TRX": -17.02
    },
    {
      "ETH": 0.11
    },
    {
      "SOL": -0.36
    }
  ],
  "opened": [],
  "closed": [],
  "holding": [],
  "would": []
}
2026-06-16 04:00:08,912 [carry] INFO: carry_executor 模式: 🟢 DRY-RUN（不下单）（实盘需 CARRY_LIVE=1，且勿与主 bot 同币种同跑）
2026-06-16 04:00:11,733 [carry] INFO: HTTP Request: GET https://www.okx.com/api/v5/public/funding-rate?instId=TRX-USDT-SWAP "HTTP/1.1 200 OK"
2026-06-16 04:00:11,995 [carry] INFO: HTTP Request: GET https://www.okx.com/api/v5/public/funding-rate?instId=ETH-USDT-SWAP "HTTP/1.1 200 OK"
2026-06-16 04:00:12,550 [carry] INFO: HTTP Request: GET https://www.okx.com/api/v5/public/funding-rate?instId=SOL-USDT-SWAP "HTTP/1.1 200 OK"
{
  "live": false,
  "scanned": [
    {
      "TRX": -20.4
    },
    {
      "ETH": 0.09
    },
    {
      "SOL": -4.86
    }
  ],
  "opened": [],
  "closed": [],
  "holding": [],
  "would": []
}
2026-06-16 05:00:04,315 [carry] INFO: carry_executor 模式: 🟢 DRY-RUN（不下单）（实盘需 CARRY_LIVE=1，且勿与主 bot 同币种同跑）
2026-06-16 05:00:07,838 [carry] INFO: HTTP Request: GET https://www.okx.com/api/v5/public/funding-rate?instId=TRX-USDT-SWAP "HTTP/1.1 200 OK"
2026-06-16 05:00:08,037 [carry] INFO: HTTP Request: GET https://www.okx.com/api/v5/public/funding-rate?instId=ETH-USDT-SWAP "HTTP/1.1 200 OK"
2026-06-16 05:00:08,227 [carry] INFO: HTTP Request: GET https://www.okx.com/api/v5/public/funding-rate?instId=SOL-USDT-SWAP "HTTP/1.1 200 OK"
{
  "live": false,
  "scanned": [
    {
      "TRX": -26.94
    },
    {
      "ETH": 0.34
    },
    {
      "SOL": -4.51
    }
  ],
  "opened": [],
  "closed": [],
  "holding": [],
  "would": []
}
2026-06-16 06:00:08,778 [carry] INFO: carry_executor 模式: 🟢 DRY-RUN（不下单）（实盘需 CARRY_LIVE=1，且勿与主 bot 同币种同跑）
2026-06-16 06:00:14,325 [carry] INFO: HTTP Request: GET https://www.okx.com/api/v5/public/funding-rate?instId=TRX-USDT-SWAP "HTTP/1.1 200 OK"
2026-06-16 06:00:14,546 [carry] INFO: HTTP Request: GET https://www.okx.com/api/v5/public/funding-rate?instId=ETH-USDT-SWAP "HTTP/1.1 200 OK"
2026-06-16 06:00:14,736 [carry] INFO: HTTP Request: GET https://www.okx.com/api/v5/public/funding-rate?instId=SOL-USDT-SWAP "HTTP/1.1 200 OK"
{
  "live": false,
  "scanned": [
    {
      "TRX": -34.64
    },
    {
      "ETH": 0.18
    },
    {
      "SOL": -2.86
    }
  ],
  "opened": [],
  "closed": [],
  "holding": [],
  "would": []
}
2026-06-16 07:00:06,720 [carry] INFO: carry_executor 模式: 🟢 DRY-RUN（不下单）（实盘需 CARRY_LIVE=1，且勿与主 bot 同币种同跑）
2026-06-16 07:00:07,931 [carry] INFO: HTTP Request: GET https://www.okx.com/api/v5/public/funding-rate?instId=TRX-USDT-SWAP "HTTP/1.1 200 OK"
2026-06-16 07:00:08,580 [carry] INFO: HTTP Request: GET https://www.okx.com/api/v5/public/funding-rate?instId=ETH-USDT-SWAP "HTTP/1.1 200 OK"
2026-06-16 07:00:09,211 [carry] INFO: HTTP Request: GET https://www.okx.com/api/v5/public/funding-rate?instId=SOL-USDT-SWAP "HTTP/1.1 200 OK"
{
  "live": false,
  "scanned": [
    {
      "TRX": -37.91
    },
    {
      "ETH": 0.34
    },
    {
      "SOL": -3.14
    }
  ],
  "opened": [],
  "closed": [],
  "holding": [],
  "would": []
}
2026-06-16 08:00:07,514 [carry] INFO: carry_executor 模式: 🟢 DRY-RUN（不下单）（实盘需 CARRY_LIVE=1，且勿与主 bot 同币种同跑）
2026-06-16 08:00:08,737 [carry] INFO: HTTP Request: GET https://www.okx.com/api/v5/public/funding-rate?instId=TRX-USDT-SWAP "HTTP/1.1 200 OK"
2026-06-16 08:00:09,378 [carry] INFO: HTTP Request: GET https://www.okx.com/api/v5/public/funding-rate?instId=ETH-USDT-SWAP "HTTP/1.1 200 OK"
2026-06-16 08:00:09,598 [carry] INFO: HTTP Request: GET https://www.okx.com/api/v5/public/funding-rate?instId=SOL-USDT-SWAP "HTTP/1.1 200 OK"
{
  "live": false,
  "scanned": [
    {
      "TRX": -34.48
    },
    {
      "ETH": 1.12
    },
    {
      "SOL": -2.96
    }
  ],
  "opened": [],
  "closed": [],
  "holding": [],
  "would": []
}
2026-06-16 09:00:09,903 [carry] INFO: carry_executor 模式: 🟢 DRY-RUN（不下单）（实盘需 CARRY_LIVE=1，且勿与主 bot 同币种同跑）
2026-06-16 09:00:11,685 [carry] INFO: HTTP Request: GET https://www.okx.com/api/v5/public/funding-rate?instId=TRX-USDT-SWAP "HTTP/1.1 200 OK"
2026-06-16 09:00:12,557 [carry] INFO: HTTP Request: GET https://www.okx.com/api/v5/public/funding-rate?instId=ETH-USDT-SWAP "HTTP/1.1 200 OK"
2026-06-16 09:00:12,949 [carry] INFO: HTTP Request: GET https://www.okx.com/api/v5/public/funding-rate?instId=SOL-USDT-SWAP "HTTP/1.1 200 OK"
{
  "live": false,
  "scanned": [
    {
      "TRX": -30.97
    },
    {
      "ETH": 1.12
    },
    {
      "SOL": -3.85
    }
  ],
  "opened": [],
  "closed": [],
  "holding": [],
  "would": []
}
2026-06-16 10:00:05,469 [carry] INFO: carry_executor 模式: 🟢 DRY-RUN（不下单）（实盘需 CARRY_LIVE=1，且勿与主 bot 同币种同跑）
2026-06-16 10:00:06,777 [carry] INFO: HTTP Request: GET https://www.okx.com/api/v5/public/funding-rate?instId=TRX-USDT-SWAP "HTTP/1.1 200 OK"
2026-06-16 10:00:06,928 [carry] INFO: HTTP Request: GET https://www.okx.com/api/v5/public/funding-rate?instId=ETH-USDT-SWAP "HTTP/1.1 200 OK"
2026-06-16 10:00:07,048 [carry] INFO: HTTP Request: GET https://www.okx.com/api/v5/public/funding-rate?instId=SOL-USDT-SWAP "HTTP/1.1 200 OK"
{
  "live": false,
  "scanned": [
    {
      "TRX": -28.4
    },
    {
      "ETH": 0.14
    },
    {
      "SOL": -4.38
    }
  ],
  "opened": [],
  "closed": [],
  "holding": [],
  "would": []
}
2026-06-16 11:00:08,811 [carry] INFO: carry_executor 模式: 🟢 DRY-RUN（不下单）（实盘需 CARRY_LIVE=1，且勿与主 bot 同币种同跑）
2026-06-16 11:00:09,533 [carry] INFO: HTTP Request: GET https://www.okx.com/api/v5/public/funding-rate?instId=TRX-USDT-SWAP "HTTP/1.1 200 OK"
2026-06-16 11:00:09,659 [carry] INFO: HTTP Request: GET https://www.okx.com/api/v5/public/funding-rate?instId=ETH-USDT-SWAP "HTTP/1.1 200 OK"
2026-06-16 11:00:09,877 [carry] INFO: HTTP Request: GET https://www.okx.com/api/v5/public/funding-rate?instId=SOL-USDT-SWAP "HTTP/1.1 200 OK"
{
  "live": false,
  "scanned": [
    {
      "TRX": -31.34
    },
    {
      "ETH": -0.48
    },
    {
      "SOL": -5.04
    }
  ],
  "opened": [],
  "closed": [],
  "holding": [],
  "would": []
}
2026-06-16 12:00:08,546 [carry] INFO: carry_executor 模式: 🟢 DRY-RUN（不下单）（实盘需 CARRY_LIVE=1，且勿与主 bot 同币种同跑）
2026-06-16 12:00:09,093 [carry] INFO: HTTP Request: GET https://www.okx.com/api/v5/public/funding-rate?instId=TRX-USDT-SWAP "HTTP/1.1 200 OK"
2026-06-16 12:00:09,326 [carry] INFO: HTTP Request: GET https://www.okx.com/api/v5/public/funding-rate?instId=ETH-USDT-SWAP "HTTP/1.1 200 OK"
2026-06-16 12:00:09,468 [carry] INFO: HTTP Request: GET https://www.okx.com/api/v5/public/funding-rate?instId=SOL-USDT-SWAP "HTTP/1.1 200 OK"
{
  "live": false,
  "scanned": [
    {
      "TRX": -38.46
    },
    {
      "ETH": -1.06
    },
    {
      "SOL": -5.2
    }
  ],
  "opened": [],
  "closed": [],
  "holding": [],
  "would": []
}
2026-06-16 13:00:07,627 [carry] INFO: carry_executor 模式: 🟢 DRY-RUN（不下单）（实盘需 CARRY_LIVE=1，且勿与主 bot 同币种同跑）
2026-06-16 13:00:08,275 [carry] INFO: HTTP Request: GET https://www.okx.com/api/v5/public/funding-rate?instId=TRX-USDT-SWAP "HTTP/1.1 200 OK"
2026-06-16 13:00:08,461 [carry] INFO: HTTP Request: GET https://www.okx.com/api/v5/public/funding-rate?instId=ETH-USDT-SWAP "HTTP/1.1 200 OK"
2026-06-16 13:00:08,624 [carry] INFO: HTTP Request: GET https://www.okx.com/api/v5/public/funding-rate?instId=SOL-USDT-SWAP "HTTP/1.1 200 OK"
{
  "live": false,
  "scanned": [
    {
      "TRX": -45.04
    },
    {
      "ETH": -1.2
    },
    {
      "SOL": -7.16
    }
  ],
  "opened": [],
  "closed": [],
  "holding": [],
  "would": []
}
2026-06-16 14:00:06,742 [carry] INFO: carry_executor 模式: 🟢 DRY-RUN（不下单）（实盘需 CARRY_LIVE=1，且勿与主 bot 同币种同跑）
2026-06-16 14:00:09,094 [carry] INFO: HTTP Request: GET https://www.okx.com/api/v5/public/funding-rate?instId=TRX-USDT-SWAP "HTTP/1.1 200 OK"
2026-06-16 14:00:09,379 [carry] INFO: HTTP Request: GET https://www.okx.com/api/v5/public/funding-rate?instId=ETH-USDT-SWAP "HTTP/1.1 200 OK"
2026-06-16 14:00:09,658 [carry] INFO: HTTP Request: GET https://www.okx.com/api/v5/public/funding-rate?instId=SOL-USDT-SWAP "HTTP/1.1 200 OK"
{
  "live": false,
  "scanned": [
    {
      "TRX": -56.58
    },
    {
      "ETH": 0.27
    },
    {
      "SOL": -7.95
    }
  ],
  "opened": [],
  "closed": [],
  "holding": [],
  "would": []
}
2026-06-16 15:00:04,658 [carry] INFO: carry_executor 模式: 🟢 DRY-RUN（不下单）（实盘需 CARRY_LIVE=1，且勿与主 bot 同币种同跑）
2026-06-16 15:00:05,453 [carry] INFO: HTTP Request: GET https://www.okx.com/api/v5/public/funding-rate?instId=TRX-USDT-SWAP "HTTP/1.1 200 OK"
2026-06-16 15:00:05,790 [carry] INFO: HTTP Request: GET https://www.okx.com/api/v5/public/funding-rate?instId=ETH-USDT-SWAP "HTTP/1.1 200 OK"
2026-06-16 15:00:06,469 [carry] INFO: HTTP Request: GET https://www.okx.com/api/v5/public/funding-rate?instId=SOL-USDT-SWAP "HTTP/1.1 200 OK"
{
  "live": false,
  "scanned": [
    {
      "TRX": -57.07
    },
    {
      "ETH": 0.2
    },
    {
      "SOL": -5.72
    }
  ],
  "opened": [],
  "closed": [],
  "holding": [],
  "would": []
}
2026-06-16 16:00:04,643 [carry] INFO: carry_executor 模式: 🟢 DRY-RUN（不下单）（实盘需 CARRY_LIVE=1，且勿与主 bot 同币种同跑）
2026-06-16 16:00:07,619 [carry] INFO: HTTP Request: GET https://www.okx.com/api/v5/public/funding-rate?instId=TRX-USDT-SWAP "HTTP/1.1 200 OK"
2026-06-16 16:00:08,382 [carry] INFO: HTTP Request: GET https://www.okx.com/api/v5/public/funding-rate?instId=ETH-USDT-SWAP "HTTP/1.1 200 OK"
2026-06-16 16:00:08,601 [carry] INFO: HTTP Request: GET https://www.okx.com/api/v5/public/funding-rate?instId=SOL-USDT-SWAP "HTTP/1.1 200 OK"
{
  "live": false,
  "scanned": [
    {
      "TRX": -59.37
    },
    {
      "ETH": 1.33
    },
    {
      "SOL": -4.54
    }
  ],
  "opened": [],
  "closed": [],
  "holding": [],
  "would": []
}
2026-06-16 17:00:05,387 [carry] INFO: carry_executor 模式: 🟢 DRY-RUN（不下单）（实盘需 CARRY_LIVE=1，且勿与主 bot 同币种同跑）
2026-06-16 17:00:06,303 [carry] INFO: HTTP Request: GET https://www.okx.com/api/v5/public/funding-rate?instId=TRX-USDT-SWAP "HTTP/1.1 200 OK"
2026-06-16 17:00:06,741 [carry] INFO: HTTP Request: GET https://www.okx.com/api/v5/public/funding-rate?instId=ETH-USDT-SWAP "HTTP/1.1 200 OK"
2026-06-16 17:00:06,991 [carry] INFO: HTTP Request: GET https://www.okx.com/api/v5/public/funding-rate?instId=SOL-USDT-SWAP "HTTP/1.1 200 OK"
{
  "live": false,
  "scanned": [
    {
      "TRX": -61.33
    },
    {
      "ETH": 3.38
    },
    {
      "SOL": -2.25
    }
  ],
  "opened": [],
  "closed": [],
  "holding": [],
  "would": []
}
2026-06-16 18:00:05,046 [carry] INFO: carry_executor 模式: 🟢 DRY-RUN（不下单）（实盘需 CARRY_LIVE=1，且勿与主 bot 同币种同跑）
2026-06-16 18:00:06,373 [carry] INFO: HTTP Request: GET https://www.okx.com/api/v5/public/funding-rate?instId=TRX-USDT-SWAP "HTTP/1.1 200 OK"
2026-06-16 18:00:06,582 [carry] INFO: HTTP Request: GET https://www.okx.com/api/v5/public/funding-rate?instId=ETH-USDT-SWAP "HTTP/1.1 200 OK"
2026-06-16 18:00:06,817 [carry] INFO: HTTP Request: GET https://www.okx.com/api/v5/public/funding-rate?instId=SOL-USDT-SWAP "HTTP/1.1 200 OK"
{
  "live": false,
  "scanned": [
    {
      "TRX": -53.97
    },
    {
      "ETH": 3.29
    },
    {
      "SOL": 1.55
    }
  ],
  "opened": [],
  "closed": [],
  "holding": [],
  "would": []
}
2026-06-16 19:00:06,060 [carry] INFO: carry_executor 模式: 🟢 DRY-RUN（不下单）（实盘需 CARRY_LIVE=1，且勿与主 bot 同币种同跑）
2026-06-16 19:00:07,554 [carry] INFO: HTTP Request: GET https://www.okx.com/api/v5/public/funding-rate?instId=TRX-USDT-SWAP "HTTP/1.1 200 OK"
2026-06-16 19:00:07,734 [carry] INFO: HTTP Request: GET https://www.okx.com/api/v5/public/funding-rate?instId=ETH-USDT-SWAP "HTTP/1.1 200 OK"
2026-06-16 19:00:07,890 [carry] INFO: HTTP Request: GET https://www.okx.com/api/v5/public/funding-rate?instId=SOL-USDT-SWAP "HTTP/1.1 200 OK"
{
  "live": false,
  "scanned": [
    {
      "TRX": -52.02
    },
    {
      "ETH": 4.29
    },
    {
      "SOL": 2.98
    }
  ],
  "opened": [],
  "closed": [],
  "holding": [],
  "would": []
}
2026-06-16 20:00:06,615 [carry] INFO: carry_executor 模式: 🟢 DRY-RUN（不下单）（实盘需 CARRY_LIVE=1，且勿与主 bot 同币种同跑）
2026-06-16 20:00:07,588 [carry] INFO: HTTP Request: GET https://www.okx.com/api/v5/public/funding-rate?instId=TRX-USDT-SWAP "HTTP/1.1 200 OK"
2026-06-16 20:00:07,703 [carry] INFO: HTTP Request: GET https://www.okx.com/api/v5/public/funding-rate?instId=ETH-USDT-SWAP "HTTP/1.1 200 OK"
2026-06-16 20:00:07,953 [carry] INFO: HTTP Request: GET https://www.okx.com/api/v5/public/funding-rate?instId=SOL-USDT-SWAP "HTTP/1.1 200 OK"
{
  "live": false,
  "scanned": [
    {
      "TRX": -49.84
    },
    {
      "ETH": 4.0
    },
    {
      "SOL": 1.96
    }
  ],
  "opened": [],
  "closed": [],
  "holding": [],
  "would": []
}
2026-06-16 21:00:05,056 [carry] INFO: carry_executor 模式: 🟢 DRY-RUN（不下单）（实盘需 CARRY_LIVE=1，且勿与主 bot 同币种同跑）
2026-06-16 21:00:06,462 [carry] INFO: HTTP Request: GET https://www.okx.com/api/v5/public/funding-rate?instId=TRX-USDT-SWAP "HTTP/1.1 200 OK"
2026-06-16 21:00:06,588 [carry] INFO: HTTP Request: GET https://www.okx.com/api/v5/public/funding-rate?instId=ETH-USDT-SWAP "HTTP/1.1 200 OK"
2026-06-16 21:00:06,713 [carry] INFO: HTTP Request: GET https://www.okx.com/api/v5/public/funding-rate?instId=SOL-USDT-SWAP "HTTP/1.1 200 OK"
{
  "live": false,
  "scanned": [
    {
      "TRX": -47.36
    },
    {
      "ETH": 5.52
    },
    {
      "SOL": 3.24
    }
  ],
  "opened": [],
  "closed": [],
  "holding": [],
  "would": []
}
2026-06-16 22:00:03,092 [carry] INFO: carry_executor 模式: 🟢 DRY-RUN（不下单）（实盘需 CARRY_LIVE=1，且勿与主 bot 同币种同跑）
2026-06-16 22:00:03,839 [carry] INFO: HTTP Request: GET https://www.okx.com/api/v5/public/funding-rate?instId=TRX-USDT-SWAP "HTTP/1.1 200 OK"
2026-06-16 22:00:04,070 [carry] INFO: HTTP Request: GET https://www.okx.com/api/v5/public/funding-rate?instId=ETH-USDT-SWAP "HTTP/1.1 200 OK"
2026-06-16 22:00:04,242 [carry] INFO: HTTP Request: GET https://www.okx.com/api/v5/public/funding-rate?instId=SOL-USDT-SWAP "HTTP/1.1 200 OK"
{
  "live": false,
  "scanned": [
    {
      "TRX": -55.77
    },
    {
      "ETH": 5.01
    },
    {
      "SOL": 4.56
    }
  ],
  "opened": [],
  "closed": [],
  "holding": [],
  "would": []
}
2026-06-16 23:00:03,271 [carry] INFO: carry_executor 模式: 🟢 DRY-RUN（不下单）（实盘需 CARRY_LIVE=1，且勿与主 bot 同币种同跑）
2026-06-16 23:00:03,877 [carry] INFO: HTTP Request: GET https://www.okx.com/api/v5/public/funding-rate?instId=TRX-USDT-SWAP "HTTP/1.1 200 OK"
2026-06-16 23:00:03,999 [carry] INFO: HTTP Request: GET https://www.okx.com/api/v5/public/funding-rate?instId=ETH-USDT-SWAP "HTTP/1.1 200 OK"
2026-06-16 23:00:04,125 [carry] INFO: HTTP Request: GET https://www.okx.com/api/v5/public/funding-rate?instId=SOL-USDT-SWAP "HTTP/1.1 200 OK"
{
  "live": false,
  "scanned": [
    {
      "TRX": -65.12
    },
    {
      "ETH": 3.79
    },
    {
      "SOL": 4.63
    }
  ],
  "opened": [],
  "closed": [],
  "holding": [],
  "would": []
}
2026-06-17 00:00:03,206 [carry] INFO: carry_executor 模式: 🟢 DRY-RUN（不下单）（实盘需 CARRY_LIVE=1，且勿与主 bot 同币种同跑）
2026-06-17 00:00:05,178 [carry] INFO: HTTP Request: GET https://www.okx.com/api/v5/public/funding-rate?instId=TRX-USDT-SWAP "HTTP/1.1 200 OK"
2026-06-17 00:00:05,351 [carry] INFO: HTTP Request: GET https://www.okx.com/api/v5/public/funding-rate?instId=ETH-USDT-SWAP "HTTP/1.1 200 OK"
2026-06-17 00:00:05,625 [carry] INFO: HTTP Request: GET https://www.okx.com/api/v5/public/funding-rate?instId=SOL-USDT-SWAP "HTTP/1.1 200 OK"
{
  "live": false,
  "scanned": [
    {
      "TRX": -70.03
    },
    {
      "ETH": 3.26
    },
    {
      "SOL": 1.48
    }
  ],
  "opened": [],
  "closed": [],
  "holding": [],
  "would": []
}
2026-06-17 01:00:03,649 [carry] INFO: carry_executor 模式: 🟢 DRY-RUN（不下单）（实盘需 CARRY_LIVE=1，且勿与主 bot 同币种同跑）
2026-06-17 01:00:04,398 [carry] INFO: HTTP Request: GET https://www.okx.com/api/v5/public/funding-rate?instId=TRX-USDT-SWAP "HTTP/1.1 200 OK"
2026-06-17 01:00:04,560 [carry] INFO: HTTP Request: GET https://www.okx.com/api/v5/public/funding-rate?instId=ETH-USDT-SWAP "HTTP/1.1 200 OK"
2026-06-17 01:00:04,721 [carry] INFO: HTTP Request: GET https://www.okx.com/api/v5/public/funding-rate?instId=SOL-USDT-SWAP "HTTP/1.1 200 OK"
{
  "live": false,
  "scanned": [
    {
      "TRX": -71.62
    },
    {
      "ETH": 2.94
    },
    {
      "SOL": 0.12
    }
  ],
  "opened": [],
  "closed": [],
  "holding": [],
  "would": []
}
2026-06-17 02:00:04,318 [carry] INFO: carry_executor 模式: 🟢 DRY-RUN（不下单）（实盘需 CARRY_LIVE=1，且勿与主 bot 同币种同跑）
2026-06-17 02:00:05,478 [carry] INFO: HTTP Request: GET https://www.okx.com/api/v5/public/funding-rate?instId=TRX-USDT-SWAP "HTTP/1.1 200 OK"
2026-06-17 02:00:05,645 [carry] INFO: HTTP Request: GET https://www.okx.com/api/v5/public/funding-rate?instId=ETH-USDT-SWAP "HTTP/1.1 200 OK"
2026-06-17 02:00:05,848 [carry] INFO: HTTP Request: GET https://www.okx.com/api/v5/public/funding-rate?instId=SOL-USDT-SWAP "HTTP/1.1 200 OK"
{
  "live": false,
  "scanned": [
    {
      "TRX": -66.43
    },
    {
      "ETH": 3.36
    },
    {
      "SOL": 0.97
    }
  ],
  "opened": [],
  "closed": [],
  "holding": [],
  "would": []
}
2026-06-17 03:00:05,873 [carry] INFO: carry_executor 模式: 🟢 DRY-RUN（不下单）（实盘需 CARRY_LIVE=1，且勿与主 bot 同币种同跑）
Traceback (most recent call last):
  File "/root/projects/trx_bot/carry_executor.py", line 263, in <module>
    print(json.dumps(run_once(), indent=2, ensure_ascii=False, default=str))
                     ^^^^^^^^^^
  File "/root/projects/trx_bot/carry_executor.py", line 231, in run_once
    return CarryExecutor(live=live).scan_and_act()
           ^^^^^^^^^^^^^^^^^^^^^^^^^^^^^^^^^^^^^^^
  File "/root/projects/trx_bot/carry_executor.py", line 86, in scan_and_act
    fr = fetch_funding_rate(symbol)
         ^^^^^^^^^^^^^^^^^^
NameError: name 'fetch_funding_rate' is not defined
2026-06-17 04:00:05,872 [carry] INFO: carry_executor 模式: 🟢 DRY-RUN（不下单）（实盘需 CARRY_LIVE=1，且勿与主 bot 同币种同跑）
Traceback (most recent call last):
  File "/root/projects/trx_bot/carry_executor.py", line 263, in <module>
    print(json.dumps(run_once(), indent=2, ensure_ascii=False, default=str))
                     ^^^^^^^^^^
  File "/root/projects/trx_bot/carry_executor.py", line 231, in run_once
    return CarryExecutor(live=live).scan_and_act()
           ^^^^^^^^^^^^^^^^^^^^^^^^^^^^^^^^^^^^^^^
  File "/root/projects/trx_bot/carry_executor.py", line 86, in scan_and_act
    fr = fetch_funding_rate(symbol)
         ^^^^^^^^^^^^^^^^^^
NameError: name 'fetch_funding_rate' is not defined
2026-06-17 05:00:04,195 [carry] INFO: carry_executor 模式: 🟢 DRY-RUN（不下单）（实盘需 CARRY_LIVE=1，且勿与主 bot 同币种同跑）
Traceback (most recent call last):
  File "/root/projects/trx_bot/carry_executor.py", line 263, in <module>
    print(json.dumps(run_once(), indent=2, ensure_ascii=False, default=str))
                     ^^^^^^^^^^
  File "/root/projects/trx_bot/carry_executor.py", line 231, in run_once
    return CarryExecutor(live=live).scan_and_act()
           ^^^^^^^^^^^^^^^^^^^^^^^^^^^^^^^^^^^^^^^
  File "/root/projects/trx_bot/carry_executor.py", line 86, in scan_and_act
    fr = fetch_funding_rate(symbol)
         ^^^^^^^^^^^^^^^^^^
NameError: name 'fetch_funding_rate' is not defined
2026-06-17 06:00:02,108 [carry] INFO: carry_executor 模式: 🟢 DRY-RUN（不下单）（实盘需 CARRY_LIVE=1，且勿与主 bot 同币种同跑）
Traceback (most recent call last):
  File "/root/projects/trx_bot/carry_executor.py", line 265, in <module>
    print(json.dumps(run_once(), indent=2, ensure_ascii=False, default=str))
                     ^^^^^^^^^^
  File "/root/projects/trx_bot/carry_executor.py", line 233, in run_once
    return CarryExecutor(live=live).scan_and_act()
           ^^^^^^^^^^^^^^^^^^^^^^^^^^^^^^^^^^^^^^^
  File "/root/projects/trx_bot/carry_executor.py", line 88, in scan_and_act
    fr = fetch_funding_rate(symbol)
         ^^^^^^^^^^^^^^^^^^
NameError: name 'fetch_funding_rate' is not defined
2026-06-17 07:00:03,518 [carry] INFO: carry_executor 模式: 🟢 DRY-RUN（不下单）（实盘需 CARRY_LIVE=1，且勿与主 bot 同币种同跑）
Traceback (most recent call last):
  File "/root/projects/trx_bot/carry_executor.py", line 265, in <module>
    print(json.dumps(run_once(), indent=2, ensure_ascii=False, default=str))
                     ^^^^^^^^^^
  File "/root/projects/trx_bot/carry_executor.py", line 233, in run_once
    return CarryExecutor(live=live).scan_and_act()
           ^^^^^^^^^^^^^^^^^^^^^^^^^^^^^^^^^^^^^^^
  File "/root/projects/trx_bot/carry_executor.py", line 88, in scan_and_act
    fr = fetch_funding_rate(symbol)
         ^^^^^^^^^^^^^^^^^^
NameError: name 'fetch_funding_rate' is not defined
2026-06-17 08:00:04,281 [carry] INFO: carry_executor 模式: 🟢 DRY-RUN（不下单）（实盘需 CARRY_LIVE=1，且勿与主 bot 同币种同跑）
Traceback (most recent call last):
  File "/root/projects/trx_bot/carry_executor.py", line 265, in <module>
    print(json.dumps(run_once(), indent=2, ensure_ascii=False, default=str))
                     ^^^^^^^^^^
  File "/root/projects/trx_bot/carry_executor.py", line 233, in run_once
    return CarryExecutor(live=live).scan_and_act()
           ^^^^^^^^^^^^^^^^^^^^^^^^^^^^^^^^^^^^^^^
  File "/root/projects/trx_bot/carry_executor.py", line 88, in scan_and_act
    fr = fetch_funding_rate(symbol)
         ^^^^^^^^^^^^^^^^^^
NameError: name 'fetch_funding_rate' is not defined
2026-06-17 09:00:02,342 [carry] INFO: carry_executor 模式: 🟢 DRY-RUN（不下单）（实盘需 CARRY_LIVE=1，且勿与主 bot 同币种同跑）
Traceback (most recent call last):
  File "/root/projects/trx_bot/carry_executor.py", line 265, in <module>
    print(json.dumps(run_once(), indent=2, ensure_ascii=False, default=str))
                     ^^^^^^^^^^
  File "/root/projects/trx_bot/carry_executor.py", line 233, in run_once
    return CarryExecutor(live=live).scan_and_act()
           ^^^^^^^^^^^^^^^^^^^^^^^^^^^^^^^^^^^^^^^
  File "/root/projects/trx_bot/carry_executor.py", line 88, in scan_and_act
    fr = fetch_funding_rate(symbol)
         ^^^^^^^^^^^^^^^^^^
NameError: name 'fetch_funding_rate' is not defined
2026-06-17 10:00:03,030 [carry] INFO: carry_executor 模式: 🟢 DRY-RUN（不下单）（实盘需 CARRY_LIVE=1，且勿与主 bot 同币种同跑）
Traceback (most recent call last):
  File "/root/projects/trx_bot/carry_executor.py", line 265, in <module>
    print(json.dumps(run_once(), indent=2, ensure_ascii=False, default=str))
                     ^^^^^^^^^^
  File "/root/projects/trx_bot/carry_executor.py", line 233, in run_once
    return CarryExecutor(live=live).scan_and_act()
           ^^^^^^^^^^^^^^^^^^^^^^^^^^^^^^^^^^^^^^^
  File "/root/projects/trx_bot/carry_executor.py", line 88, in scan_and_act
    fr = fetch_funding_rate(symbol)
         ^^^^^^^^^^^^^^^^^^
NameError: name 'fetch_funding_rate' is not defined
2026-06-17 11:00:03,505 [carry] INFO: carry_executor 模式: 🟢 DRY-RUN（不下单）（实盘需 CARRY_LIVE=1，且勿与主 bot 同币种同跑）
Traceback (most recent call last):
  File "/root/projects/trx_bot/carry_executor.py", line 265, in <module>
    print(json.dumps(run_once(), indent=2, ensure_ascii=False, default=str))
                     ^^^^^^^^^^
  File "/root/projects/trx_bot/carry_executor.py", line 233, in run_once
    return CarryExecutor(live=live).scan_and_act()
           ^^^^^^^^^^^^^^^^^^^^^^^^^^^^^^^^^^^^^^^
  File "/root/projects/trx_bot/carry_executor.py", line 88, in scan_and_act
    fr = fetch_funding_rate(symbol)
         ^^^^^^^^^^^^^^^^^^
NameError: name 'fetch_funding_rate' is not defined
2026-06-17 12:00:02,972 [carry] INFO: carry_executor 模式: 🟢 DRY-RUN（不下单）（实盘需 CARRY_LIVE=1，且勿与主 bot 同币种同跑）
Traceback (most recent call last):
  File "/root/projects/trx_bot/carry_executor.py", line 265, in <module>
    print(json.dumps(run_once(), indent=2, ensure_ascii=False, default=str))
                     ^^^^^^^^^^
  File "/root/projects/trx_bot/carry_executor.py", line 233, in run_once
    return CarryExecutor(live=live).scan_and_act()
           ^^^^^^^^^^^^^^^^^^^^^^^^^^^^^^^^^^^^^^^
  File "/root/projects/trx_bot/carry_executor.py", line 88, in scan_and_act
    fr = fetch_funding_rate(symbol)
         ^^^^^^^^^^^^^^^^^^
NameError: name 'fetch_funding_rate' is not defined
2026-06-17 13:00:04,083 [carry] INFO: carry_executor 模式: 🟢 DRY-RUN（不下单）（实盘需 CARRY_LIVE=1，且勿与主 bot 同币种同跑）
Traceback (most recent call last):
  File "/root/projects/trx_bot/carry_executor.py", line 265, in <module>
    print(json.dumps(run_once(), indent=2, ensure_ascii=False, default=str))
                     ^^^^^^^^^^
  File "/root/projects/trx_bot/carry_executor.py", line 233, in run_once
    return CarryExecutor(live=live).scan_and_act()
           ^^^^^^^^^^^^^^^^^^^^^^^^^^^^^^^^^^^^^^^
  File "/root/projects/trx_bot/carry_executor.py", line 88, in scan_and_act
    fr = fetch_funding_rate(symbol)
         ^^^^^^^^^^^^^^^^^^
NameError: name 'fetch_funding_rate' is not defined
2026-06-17 14:00:02,413 [carry] INFO: carry_executor 模式: 🟢 DRY-RUN（不下单）（实盘需 CARRY_LIVE=1，且勿与主 bot 同币种同跑）
Traceback (most recent call last):
  File "/root/projects/trx_bot/carry_executor.py", line 265, in <module>
    print(json.dumps(run_once(), indent=2, ensure_ascii=False, default=str))
                     ^^^^^^^^^^
  File "/root/projects/trx_bot/carry_executor.py", line 233, in run_once
    return CarryExecutor(live=live).scan_and_act()
           ^^^^^^^^^^^^^^^^^^^^^^^^^^^^^^^^^^^^^^^
  File "/root/projects/trx_bot/carry_executor.py", line 88, in scan_and_act
    fr = fetch_funding_rate(symbol)
         ^^^^^^^^^^^^^^^^^^
NameError: name 'fetch_funding_rate' is not defined
2026-06-17 15:00:03,875 [carry] INFO: carry_executor 模式: 🟢 DRY-RUN（不下单）（实盘需 CARRY_LIVE=1，且勿与主 bot 同币种同跑）
Traceback (most recent call last):
  File "/root/projects/trx_bot/carry_executor.py", line 265, in <module>
    print(json.dumps(run_once(), indent=2, ensure_ascii=False, default=str))
                     ^^^^^^^^^^
  File "/root/projects/trx_bot/carry_executor.py", line 233, in run_once
    return CarryExecutor(live=live).scan_and_act()
           ^^^^^^^^^^^^^^^^^^^^^^^^^^^^^^^^^^^^^^^
  File "/root/projects/trx_bot/carry_executor.py", line 88, in scan_and_act
    fr = fetch_funding_rate(symbol)
         ^^^^^^^^^^^^^^^^^^
NameError: name 'fetch_funding_rate' is not defined
2026-06-17 16:00:03,669 [carry] INFO: carry_executor 模式: 🟢 DRY-RUN（不下单）（实盘需 CARRY_LIVE=1，且勿与主 bot 同币种同跑）
Traceback (most recent call last):
  File "/root/projects/trx_bot/carry_executor.py", line 265, in <module>
    print(json.dumps(run_once(), indent=2, ensure_ascii=False, default=str))
                     ^^^^^^^^^^
  File "/root/projects/trx_bot/carry_executor.py", line 233, in run_once
    return CarryExecutor(live=live).scan_and_act()
           ^^^^^^^^^^^^^^^^^^^^^^^^^^^^^^^^^^^^^^^
  File "/root/projects/trx_bot/carry_executor.py", line 88, in scan_and_act
    fr = fetch_funding_rate(symbol)
         ^^^^^^^^^^^^^^^^^^
NameError: name 'fetch_funding_rate' is not defined
2026-06-17 17:00:03,203 [carry] INFO: carry_executor 模式: 🟢 DRY-RUN（不下单）（实盘需 CARRY_LIVE=1，且勿与主 bot 同币种同跑）
Traceback (most recent call last):
  File "/root/projects/trx_bot/carry_executor.py", line 265, in <module>
    print(json.dumps(run_once(), indent=2, ensure_ascii=False, default=str))
                     ^^^^^^^^^^
  File "/root/projects/trx_bot/carry_executor.py", line 233, in run_once
    return CarryExecutor(live=live).scan_and_act()
           ^^^^^^^^^^^^^^^^^^^^^^^^^^^^^^^^^^^^^^^
  File "/root/projects/trx_bot/carry_executor.py", line 88, in scan_and_act
    fr = fetch_funding_rate(symbol)
         ^^^^^^^^^^^^^^^^^^
NameError: name 'fetch_funding_rate' is not defined
2026-06-17 18:00:02,357 [carry] INFO: carry_executor 模式: 🟢 DRY-RUN（不下单）（实盘需 CARRY_LIVE=1，且勿与主 bot 同币种同跑）
Traceback (most recent call last):
  File "/root/projects/trx_bot/carry_executor.py", line 265, in <module>
    print(json.dumps(run_once(), indent=2, ensure_ascii=False, default=str))
                     ^^^^^^^^^^
  File "/root/projects/trx_bot/carry_executor.py", line 233, in run_once
    return CarryExecutor(live=live).scan_and_act()
           ^^^^^^^^^^^^^^^^^^^^^^^^^^^^^^^^^^^^^^^
  File "/root/projects/trx_bot/carry_executor.py", line 88, in scan_and_act
    fr = fetch_funding_rate(symbol)
         ^^^^^^^^^^^^^^^^^^
NameError: name 'fetch_funding_rate' is not defined
2026-06-17 19:00:03,043 [carry] INFO: carry_executor 模式: 🟢 DRY-RUN（不下单）（实盘需 CARRY_LIVE=1，且勿与主 bot 同币种同跑）
Traceback (most recent call last):
  File "/root/projects/trx_bot/carry_executor.py", line 265, in <module>
    print(json.dumps(run_once(), indent=2, ensure_ascii=False, default=str))
                     ^^^^^^^^^^
  File "/root/projects/trx_bot/carry_executor.py", line 233, in run_once
    return CarryExecutor(live=live).scan_and_act()
           ^^^^^^^^^^^^^^^^^^^^^^^^^^^^^^^^^^^^^^^
  File "/root/projects/trx_bot/carry_executor.py", line 88, in scan_and_act
    fr = fetch_funding_rate(symbol)
         ^^^^^^^^^^^^^^^^^^
NameError: name 'fetch_funding_rate' is not defined
2026-06-17 20:00:02,092 [carry] INFO: carry_executor 模式: 🟢 DRY-RUN（不下单）（实盘需 CARRY_LIVE=1，且勿与主 bot 同币种同跑）
Traceback (most recent call last):
  File "/root/projects/trx_bot/carry_executor.py", line 265, in <module>
    print(json.dumps(run_once(), indent=2, ensure_ascii=False, default=str))
                     ^^^^^^^^^^
  File "/root/projects/trx_bot/carry_executor.py", line 233, in run_once
    return CarryExecutor(live=live).scan_and_act()
           ^^^^^^^^^^^^^^^^^^^^^^^^^^^^^^^^^^^^^^^
  File "/root/projects/trx_bot/carry_executor.py", line 88, in scan_and_act
    fr = fetch_funding_rate(symbol)
         ^^^^^^^^^^^^^^^^^^
NameError: name 'fetch_funding_rate' is not defined
2026-06-17 21:00:01,918 [carry] INFO: carry_executor 模式: 🟢 DRY-RUN（不下单）（实盘需 CARRY_LIVE=1，且勿与主 bot 同币种同跑）
Traceback (most recent call last):
  File "/root/projects/trx_bot/carry_executor.py", line 265, in <module>
    print(json.dumps(run_once(), indent=2, ensure_ascii=False, default=str))
                     ^^^^^^^^^^
  File "/root/projects/trx_bot/carry_executor.py", line 233, in run_once
    return CarryExecutor(live=live).scan_and_act()
           ^^^^^^^^^^^^^^^^^^^^^^^^^^^^^^^^^^^^^^^
  File "/root/projects/trx_bot/carry_executor.py", line 88, in scan_and_act
    fr = fetch_funding_rate(symbol)
         ^^^^^^^^^^^^^^^^^^
NameError: name 'fetch_funding_rate' is not defined
2026-06-17 22:00:02,743 [carry] INFO: carry_executor 模式: 🟢 DRY-RUN（不下单）（实盘需 CARRY_LIVE=1，且勿与主 bot 同币种同跑）
Traceback (most recent call last):
  File "/root/projects/trx_bot/carry_executor.py", line 265, in <module>
    print(json.dumps(run_once(), indent=2, ensure_ascii=False, default=str))
                     ^^^^^^^^^^
  File "/root/projects/trx_bot/carry_executor.py", line 233, in run_once
    return CarryExecutor(live=live).scan_and_act()
           ^^^^^^^^^^^^^^^^^^^^^^^^^^^^^^^^^^^^^^^
  File "/root/projects/trx_bot/carry_executor.py", line 88, in scan_and_act
    fr = fetch_funding_rate(symbol)
         ^^^^^^^^^^^^^^^^^^
NameError: name 'fetch_funding_rate' is not defined
2026-06-17 23:00:02,488 [carry] INFO: carry_executor 模式: 🟢 DRY-RUN（不下单）（实盘需 CARRY_LIVE=1，且勿与主 bot 同币种同跑）
Traceback (most recent call last):
  File "/root/projects/trx_bot/carry_executor.py", line 265, in <module>
    print(json.dumps(run_once(), indent=2, ensure_ascii=False, default=str))
                     ^^^^^^^^^^
  File "/root/projects/trx_bot/carry_executor.py", line 233, in run_once
    return CarryExecutor(live=live).scan_and_act()
           ^^^^^^^^^^^^^^^^^^^^^^^^^^^^^^^^^^^^^^^
  File "/root/projects/trx_bot/carry_executor.py", line 88, in scan_and_act
    fr = fetch_funding_rate(symbol)
         ^^^^^^^^^^^^^^^^^^
NameError: name 'fetch_funding_rate' is not defined
2026-06-18 00:00:02,248 [carry] INFO: carry_executor 模式: 🟢 DRY-RUN（不下单）（实盘需 CARRY_LIVE=1，且勿与主 bot 同币种同跑）
Traceback (most recent call last):
  File "/root/projects/trx_bot/carry_executor.py", line 265, in <module>
    print(json.dumps(run_once(), indent=2, ensure_ascii=False, default=str))
                     ^^^^^^^^^^
  File "/root/projects/trx_bot/carry_executor.py", line 233, in run_once
    return CarryExecutor(live=live).scan_and_act()
           ^^^^^^^^^^^^^^^^^^^^^^^^^^^^^^^^^^^^^^^
  File "/root/projects/trx_bot/carry_executor.py", line 88, in scan_and_act
    fr = fetch_funding_rate(symbol)
         ^^^^^^^^^^^^^^^^^^
NameError: name 'fetch_funding_rate' is not defined
2026-06-18 01:00:02,827 [carry] INFO: carry_executor 模式: 🟢 DRY-RUN（不下单）（实盘需 CARRY_LIVE=1，且勿与主 bot 同币种同跑）
Traceback (most recent call last):
  File "/root/projects/trx_bot/carry_executor.py", line 265, in <module>
    print(json.dumps(run_once(), indent=2, ensure_ascii=False, default=str))
                     ^^^^^^^^^^
  File "/root/projects/trx_bot/carry_executor.py", line 233, in run_once
    return CarryExecutor(live=live).scan_and_act()
           ^^^^^^^^^^^^^^^^^^^^^^^^^^^^^^^^^^^^^^^
  File "/root/projects/trx_bot/carry_executor.py", line 88, in scan_and_act
    fr = fetch_funding_rate(symbol)
         ^^^^^^^^^^^^^^^^^^
NameError: name 'fetch_funding_rate' is not defined
2026-06-18 02:00:02,423 [carry] INFO: carry_executor 模式: 🟢 DRY-RUN（不下单）（实盘需 CARRY_LIVE=1，且勿与主 bot 同币种同跑）
Traceback (most recent call last):
  File "/root/projects/trx_bot/carry_executor.py", line 265, in <module>
    print(json.dumps(run_once(), indent=2, ensure_ascii=False, default=str))
                     ^^^^^^^^^^
  File "/root/projects/trx_bot/carry_executor.py", line 233, in run_once
    return CarryExecutor(live=live).scan_and_act()
           ^^^^^^^^^^^^^^^^^^^^^^^^^^^^^^^^^^^^^^^
  File "/root/projects/trx_bot/carry_executor.py", line 88, in scan_and_act
    fr = fetch_funding_rate(symbol)
         ^^^^^^^^^^^^^^^^^^
NameError: name 'fetch_funding_rate' is not defined
2026-06-18 03:00:03,116 [carry] INFO: carry_executor 模式: 🟢 DRY-RUN（不下单）（实盘需 CARRY_LIVE=1，且勿与主 bot 同币种同跑）
Traceback (most recent call last):
  File "/root/projects/trx_bot/carry_executor.py", line 265, in <module>
    print(json.dumps(run_once(), indent=2, ensure_ascii=False, default=str))
                     ^^^^^^^^^^
  File "/root/projects/trx_bot/carry_executor.py", line 233, in run_once
    return CarryExecutor(live=live).scan_and_act()
           ^^^^^^^^^^^^^^^^^^^^^^^^^^^^^^^^^^^^^^^
  File "/root/projects/trx_bot/carry_executor.py", line 88, in scan_and_act
    fr = fetch_funding_rate(symbol)
         ^^^^^^^^^^^^^^^^^^
NameError: name 'fetch_funding_rate' is not defined
2026-06-18 04:00:02,884 [carry] INFO: carry_executor 模式: 🟢 DRY-RUN（不下单）（实盘需 CARRY_LIVE=1，且勿与主 bot 同币种同跑）
Traceback (most recent call last):
  File "/root/projects/trx_bot/carry_executor.py", line 265, in <module>
    print(json.dumps(run_once(), indent=2, ensure_ascii=False, default=str))
                     ^^^^^^^^^^
  File "/root/projects/trx_bot/carry_executor.py", line 233, in run_once
    return CarryExecutor(live=live).scan_and_act()
           ^^^^^^^^^^^^^^^^^^^^^^^^^^^^^^^^^^^^^^^
  File "/root/projects/trx_bot/carry_executor.py", line 88, in scan_and_act
    fr = fetch_funding_rate(symbol)
         ^^^^^^^^^^^^^^^^^^
NameError: name 'fetch_funding_rate' is not defined
2026-06-18 05:00:02,618 [carry] INFO: carry_executor 模式: 🟢 DRY-RUN（不下单）（实盘需 CARRY_LIVE=1，且勿与主 bot 同币种同跑）
Traceback (most recent call last):
  File "/root/projects/trx_bot/carry_executor.py", line 265, in <module>
    print(json.dumps(run_once(), indent=2, ensure_ascii=False, default=str))
                     ^^^^^^^^^^
  File "/root/projects/trx_bot/carry_executor.py", line 233, in run_once
    return CarryExecutor(live=live).scan_and_act()
           ^^^^^^^^^^^^^^^^^^^^^^^^^^^^^^^^^^^^^^^
  File "/root/projects/trx_bot/carry_executor.py", line 88, in scan_and_act
    fr = fetch_funding_rate(symbol)
         ^^^^^^^^^^^^^^^^^^
NameError: name 'fetch_funding_rate' is not defined
2026-06-18 06:00:03,303 [carry] INFO: carry_executor 模式: 🟢 DRY-RUN（不下单）（实盘需 CARRY_LIVE=1，且勿与主 bot 同币种同跑）
Traceback (most recent call last):
  File "/root/projects/trx_bot/carry_executor.py", line 265, in <module>
    print(json.dumps(run_once(), indent=2, ensure_ascii=False, default=str))
                     ^^^^^^^^^^
  File "/root/projects/trx_bot/carry_executor.py", line 233, in run_once
    return CarryExecutor(live=live).scan_and_act()
           ^^^^^^^^^^^^^^^^^^^^^^^^^^^^^^^^^^^^^^^
  File "/root/projects/trx_bot/carry_executor.py", line 88, in scan_and_act
    fr = fetch_funding_rate(symbol)
         ^^^^^^^^^^^^^^^^^^
NameError: name 'fetch_funding_rate' is not defined
2026-06-18 07:00:02,852 [carry] INFO: carry_executor 模式: 🟢 DRY-RUN（不下单）（实盘需 CARRY_LIVE=1，且勿与主 bot 同币种同跑）
Traceback (most recent call last):
  File "/root/projects/trx_bot/carry_executor.py", line 265, in <module>
    print(json.dumps(run_once(), indent=2, ensure_ascii=False, default=str))
                     ^^^^^^^^^^
  File "/root/projects/trx_bot/carry_executor.py", line 233, in run_once
    return CarryExecutor(live=live).scan_and_act()
           ^^^^^^^^^^^^^^^^^^^^^^^^^^^^^^^^^^^^^^^
  File "/root/projects/trx_bot/carry_executor.py", line 88, in scan_and_act
    fr = fetch_funding_rate(symbol)
         ^^^^^^^^^^^^^^^^^^
NameError: name 'fetch_funding_rate' is not defined
2026-06-18 08:00:02,642 [carry] INFO: carry_executor 模式: 🟢 DRY-RUN（不下单）（实盘需 CARRY_LIVE=1，且勿与主 bot 同币种同跑）
Traceback (most recent call last):
  File "/root/projects/trx_bot/carry_executor.py", line 265, in <module>
    print(json.dumps(run_once(), indent=2, ensure_ascii=False, default=str))
                     ^^^^^^^^^^
  File "/root/projects/trx_bot/carry_executor.py", line 233, in run_once
    return CarryExecutor(live=live).scan_and_act()
           ^^^^^^^^^^^^^^^^^^^^^^^^^^^^^^^^^^^^^^^
  File "/root/projects/trx_bot/carry_executor.py", line 88, in scan_and_act
    fr = fetch_funding_rate(symbol)
         ^^^^^^^^^^^^^^^^^^
NameError: name 'fetch_funding_rate' is not defined
2026-06-18 09:00:02,859 [carry] INFO: carry_executor 模式: 🟢 DRY-RUN（不下单）（实盘需 CARRY_LIVE=1，且勿与主 bot 同币种同跑）
Traceback (most recent call last):
  File "/root/projects/trx_bot/carry_executor.py", line 265, in <module>
    print(json.dumps(run_once(), indent=2, ensure_ascii=False, default=str))
                     ^^^^^^^^^^
  File "/root/projects/trx_bot/carry_executor.py", line 233, in run_once
    return CarryExecutor(live=live).scan_and_act()
           ^^^^^^^^^^^^^^^^^^^^^^^^^^^^^^^^^^^^^^^
  File "/root/projects/trx_bot/carry_executor.py", line 88, in scan_and_act
    fr = fetch_funding_rate(symbol)
         ^^^^^^^^^^^^^^^^^^
NameError: name 'fetch_funding_rate' is not defined
2026-06-18 10:00:02,943 [carry] INFO: carry_executor 模式: 🟢 DRY-RUN（不下单）（实盘需 CARRY_LIVE=1，且勿与主 bot 同币种同跑）
Traceback (most recent call last):
  File "/root/projects/trx_bot/carry_executor.py", line 265, in <module>
    print(json.dumps(run_once(), indent=2, ensure_ascii=False, default=str))
                     ^^^^^^^^^^
  File "/root/projects/trx_bot/carry_executor.py", line 233, in run_once
    return CarryExecutor(live=live).scan_and_act()
           ^^^^^^^^^^^^^^^^^^^^^^^^^^^^^^^^^^^^^^^
  File "/root/projects/trx_bot/carry_executor.py", line 88, in scan_and_act
    fr = fetch_funding_rate(symbol)
         ^^^^^^^^^^^^^^^^^^
NameError: name 'fetch_funding_rate' is not defined
2026-06-18 11:00:02,903 [carry] INFO: carry_executor 模式: 🟢 DRY-RUN（不下单）（实盘需 CARRY_LIVE=1，且勿与主 bot 同币种同跑）
Traceback (most recent call last):
  File "/root/projects/trx_bot/carry_executor.py", line 265, in <module>
    print(json.dumps(run_once(), indent=2, ensure_ascii=False, default=str))
                     ^^^^^^^^^^
  File "/root/projects/trx_bot/carry_executor.py", line 233, in run_once
    return CarryExecutor(live=live).scan_and_act()
           ^^^^^^^^^^^^^^^^^^^^^^^^^^^^^^^^^^^^^^^
  File "/root/projects/trx_bot/carry_executor.py", line 88, in scan_and_act
    fr = fetch_funding_rate(symbol)
         ^^^^^^^^^^^^^^^^^^
NameError: name 'fetch_funding_rate' is not defined
2026-06-18 12:00:01,952 [carry] INFO: carry_executor 模式: 🟢 DRY-RUN（不下单）（实盘需 CARRY_LIVE=1，且勿与主 bot 同币种同跑）
Traceback (most recent call last):
  File "/root/projects/trx_bot/carry_executor.py", line 265, in <module>
    print(json.dumps(run_once(), indent=2, ensure_ascii=False, default=str))
                     ^^^^^^^^^^
  File "/root/projects/trx_bot/carry_executor.py", line 233, in run_once
    return CarryExecutor(live=live).scan_and_act()
           ^^^^^^^^^^^^^^^^^^^^^^^^^^^^^^^^^^^^^^^
  File "/root/projects/trx_bot/carry_executor.py", line 88, in scan_and_act
    fr = fetch_funding_rate(symbol)
         ^^^^^^^^^^^^^^^^^^
NameError: name 'fetch_funding_rate' is not defined
2026-06-18 13:00:02,225 [carry] INFO: carry_executor 模式: 🟢 DRY-RUN（不下单）（实盘需 CARRY_LIVE=1，且勿与主 bot 同币种同跑）
Traceback (most recent call last):
  File "/root/projects/trx_bot/carry_executor.py", line 265, in <module>
    print(json.dumps(run_once(), indent=2, ensure_ascii=False, default=str))
                     ^^^^^^^^^^
  File "/root/projects/trx_bot/carry_executor.py", line 233, in run_once
    return CarryExecutor(live=live).scan_and_act()
           ^^^^^^^^^^^^^^^^^^^^^^^^^^^^^^^^^^^^^^^
  File "/root/projects/trx_bot/carry_executor.py", line 88, in scan_and_act
    fr = fetch_funding_rate(symbol)
         ^^^^^^^^^^^^^^^^^^
NameError: name 'fetch_funding_rate' is not defined
2026-06-18 14:00:03,227 [carry] INFO: carry_executor 模式: 🟢 DRY-RUN（不下单）（实盘需 CARRY_LIVE=1，且勿与主 bot 同币种同跑）
Traceback (most recent call last):
  File "/root/projects/trx_bot/carry_executor.py", line 265, in <module>
    print(json.dumps(run_once(), indent=2, ensure_ascii=False, default=str))
                     ^^^^^^^^^^
  File "/root/projects/trx_bot/carry_executor.py", line 233, in run_once
    return CarryExecutor(live=live).scan_and_act()
           ^^^^^^^^^^^^^^^^^^^^^^^^^^^^^^^^^^^^^^^
  File "/root/projects/trx_bot/carry_executor.py", line 88, in scan_and_act
    fr = fetch_funding_rate(symbol)
         ^^^^^^^^^^^^^^^^^^
NameError: name 'fetch_funding_rate' is not defined
2026-06-18 15:00:02,351 [carry] INFO: carry_executor 模式: 🟢 DRY-RUN（不下单）（实盘需 CARRY_LIVE=1，且勿与主 bot 同币种同跑）
Traceback (most recent call last):
  File "/root/projects/trx_bot/carry_executor.py", line 265, in <module>
    print(json.dumps(run_once(), indent=2, ensure_ascii=False, default=str))
                     ^^^^^^^^^^
  File "/root/projects/trx_bot/carry_executor.py", line 233, in run_once
    return CarryExecutor(live=live).scan_and_act()
           ^^^^^^^^^^^^^^^^^^^^^^^^^^^^^^^^^^^^^^^
  File "/root/projects/trx_bot/carry_executor.py", line 88, in scan_and_act
    fr = fetch_funding_rate(symbol)
         ^^^^^^^^^^^^^^^^^^
NameError: name 'fetch_funding_rate' is not defined
2026-06-18 16:00:02,937 [carry] INFO: carry_executor 模式: 🟢 DRY-RUN（不下单）（实盘需 CARRY_LIVE=1，且勿与主 bot 同币种同跑）
Traceback (most recent call last):
  File "/root/projects/trx_bot/carry_executor.py", line 265, in <module>
    print(json.dumps(run_once(), indent=2, ensure_ascii=False, default=str))
                     ^^^^^^^^^^
  File "/root/projects/trx_bot/carry_executor.py", line 233, in run_once
    return CarryExecutor(live=live).scan_and_act()
           ^^^^^^^^^^^^^^^^^^^^^^^^^^^^^^^^^^^^^^^
  File "/root/projects/trx_bot/carry_executor.py", line 88, in scan_and_act
    fr = fetch_funding_rate(symbol)
         ^^^^^^^^^^^^^^^^^^
NameError: name 'fetch_funding_rate' is not defined
2026-06-18 17:00:03,918 [carry] INFO: carry_executor 模式: 🟢 DRY-RUN（不下单）（实盘需 CARRY_LIVE=1，且勿与主 bot 同币种同跑）
Traceback (most recent call last):
  File "/root/projects/trx_bot/carry_executor.py", line 265, in <module>
    print(json.dumps(run_once(), indent=2, ensure_ascii=False, default=str))
                     ^^^^^^^^^^
  File "/root/projects/trx_bot/carry_executor.py", line 233, in run_once
    return CarryExecutor(live=live).scan_and_act()
           ^^^^^^^^^^^^^^^^^^^^^^^^^^^^^^^^^^^^^^^
  File "/root/projects/trx_bot/carry_executor.py", line 88, in scan_and_act
    fr = fetch_funding_rate(symbol)
         ^^^^^^^^^^^^^^^^^^
NameError: name 'fetch_funding_rate' is not defined
2026-06-18 18:00:02,208 [carry] INFO: carry_executor 模式: 🟢 DRY-RUN（不下单）（实盘需 CARRY_LIVE=1，且勿与主 bot 同币种同跑）
Traceback (most recent call last):
  File "/root/projects/trx_bot/carry_executor.py", line 265, in <module>
    print(json.dumps(run_once(), indent=2, ensure_ascii=False, default=str))
                     ^^^^^^^^^^
  File "/root/projects/trx_bot/carry_executor.py", line 233, in run_once
    return CarryExecutor(live=live).scan_and_act()
           ^^^^^^^^^^^^^^^^^^^^^^^^^^^^^^^^^^^^^^^
  File "/root/projects/trx_bot/carry_executor.py", line 88, in scan_and_act
    fr = fetch_funding_rate(symbol)
         ^^^^^^^^^^^^^^^^^^
NameError: name 'fetch_funding_rate' is not defined
2026-06-18 19:00:04,934 [carry] INFO: carry_executor 模式: 🟢 DRY-RUN（不下单）（实盘需 CARRY_LIVE=1，且勿与主 bot 同币种同跑）
Traceback (most recent call last):
  File "/root/projects/trx_bot/carry_executor.py", line 265, in <module>
    print(json.dumps(run_once(), indent=2, ensure_ascii=False, default=str))
                     ^^^^^^^^^^
  File "/root/projects/trx_bot/carry_executor.py", line 233, in run_once
    return CarryExecutor(live=live).scan_and_act()
           ^^^^^^^^^^^^^^^^^^^^^^^^^^^^^^^^^^^^^^^
  File "/root/projects/trx_bot/carry_executor.py", line 88, in scan_and_act
    fr = fetch_funding_rate(symbol)
         ^^^^^^^^^^^^^^^^^^
NameError: name 'fetch_funding_rate' is not defined
2026-06-18 20:00:04,447 [carry] INFO: carry_executor 模式: 🟢 DRY-RUN（不下单）（实盘需 CARRY_LIVE=1，且勿与主 bot 同币种同跑）
Traceback (most recent call last):
  File "/root/projects/trx_bot/carry_executor.py", line 265, in <module>
    print(json.dumps(run_once(), indent=2, ensure_ascii=False, default=str))
                     ^^^^^^^^^^
  File "/root/projects/trx_bot/carry_executor.py", line 233, in run_once
    return CarryExecutor(live=live).scan_and_act()
           ^^^^^^^^^^^^^^^^^^^^^^^^^^^^^^^^^^^^^^^
  File "/root/projects/trx_bot/carry_executor.py", line 88, in scan_and_act
    fr = fetch_funding_rate(symbol)
         ^^^^^^^^^^^^^^^^^^
NameError: name 'fetch_funding_rate' is not defined
2026-06-18 21:00:05,284 [carry] INFO: carry_executor 模式: 🟢 DRY-RUN（不下单）（实盘需 CARRY_LIVE=1，且勿与主 bot 同币种同跑）
Traceback (most recent call last):
  File "/root/projects/trx_bot/carry_executor.py", line 265, in <module>
    print(json.dumps(run_once(), indent=2, ensure_ascii=False, default=str))
                     ^^^^^^^^^^
  File "/root/projects/trx_bot/carry_executor.py", line 233, in run_once
    return CarryExecutor(live=live).scan_and_act()
           ^^^^^^^^^^^^^^^^^^^^^^^^^^^^^^^^^^^^^^^
  File "/root/projects/trx_bot/carry_executor.py", line 88, in scan_and_act
    fr = fetch_funding_rate(symbol)
         ^^^^^^^^^^^^^^^^^^
NameError: name 'fetch_funding_rate' is not defined
2026-06-18 22:00:03,763 [carry] INFO: carry_executor 模式: 🟢 DRY-RUN（不下单）（实盘需 CARRY_LIVE=1，且勿与主 bot 同币种同跑）
Traceback (most recent call last):
  File "/root/projects/trx_bot/carry_executor.py", line 265, in <module>
    print(json.dumps(run_once(), indent=2, ensure_ascii=False, default=str))
                     ^^^^^^^^^^
  File "/root/projects/trx_bot/carry_executor.py", line 233, in run_once
    return CarryExecutor(live=live).scan_and_act()
           ^^^^^^^^^^^^^^^^^^^^^^^^^^^^^^^^^^^^^^^
  File "/root/projects/trx_bot/carry_executor.py", line 88, in scan_and_act
    fr = fetch_funding_rate(symbol)
         ^^^^^^^^^^^^^^^^^^
NameError: name 'fetch_funding_rate' is not defined
2026-06-18 23:00:03,596 [carry] INFO: carry_executor 模式: 🟢 DRY-RUN（不下单）（实盘需 CARRY_LIVE=1，且勿与主 bot 同币种同跑）
Traceback (most recent call last):
  File "/root/projects/trx_bot/carry_executor.py", line 265, in <module>
    print(json.dumps(run_once(), indent=2, ensure_ascii=False, default=str))
                     ^^^^^^^^^^
  File "/root/projects/trx_bot/carry_executor.py", line 233, in run_once
    return CarryExecutor(live=live).scan_and_act()
           ^^^^^^^^^^^^^^^^^^^^^^^^^^^^^^^^^^^^^^^
  File "/root/projects/trx_bot/carry_executor.py", line 88, in scan_and_act
    fr = fetch_funding_rate(symbol)
         ^^^^^^^^^^^^^^^^^^
NameError: name 'fetch_funding_rate' is not defined
2026-06-19 00:00:04,616 [carry] INFO: carry_executor 模式: 🟢 DRY-RUN（不下单）（实盘需 CARRY_LIVE=1，且勿与主 bot 同币种同跑）
Traceback (most recent call last):
  File "/root/projects/trx_bot/carry_executor.py", line 265, in <module>
    print(json.dumps(run_once(), indent=2, ensure_ascii=False, default=str))
                     ^^^^^^^^^^
  File "/root/projects/trx_bot/carry_executor.py", line 233, in run_once
    return CarryExecutor(live=live).scan_and_act()
           ^^^^^^^^^^^^^^^^^^^^^^^^^^^^^^^^^^^^^^^
  File "/root/projects/trx_bot/carry_executor.py", line 88, in scan_and_act
    fr = fetch_funding_rate(symbol)
         ^^^^^^^^^^^^^^^^^^
NameError: name 'fetch_funding_rate' is not defined
2026-06-19 01:00:03,716 [carry] INFO: carry_executor 模式: 🟢 DRY-RUN（不下单）（实盘需 CARRY_LIVE=1，且勿与主 bot 同币种同跑）
Traceback (most recent call last):
  File "/root/projects/trx_bot/carry_executor.py", line 265, in <module>
    print(json.dumps(run_once(), indent=2, ensure_ascii=False, default=str))
                     ^^^^^^^^^^
  File "/root/projects/trx_bot/carry_executor.py", line 233, in run_once
    return CarryExecutor(live=live).scan_and_act()
           ^^^^^^^^^^^^^^^^^^^^^^^^^^^^^^^^^^^^^^^
  File "/root/projects/trx_bot/carry_executor.py", line 88, in scan_and_act
    fr = fetch_funding_rate(symbol)
         ^^^^^^^^^^^^^^^^^^
NameError: name 'fetch_funding_rate' is not defined
2026-06-19 02:00:02,994 [carry] INFO: carry_executor 模式: 🟢 DRY-RUN（不下单）（实盘需 CARRY_LIVE=1，且勿与主 bot 同币种同跑）
Traceback (most recent call last):
  File "/root/projects/trx_bot/carry_executor.py", line 265, in <module>
    print(json.dumps(run_once(), indent=2, ensure_ascii=False, default=str))
                     ^^^^^^^^^^
  File "/root/projects/trx_bot/carry_executor.py", line 233, in run_once
    return CarryExecutor(live=live).scan_and_act()
           ^^^^^^^^^^^^^^^^^^^^^^^^^^^^^^^^^^^^^^^
  File "/root/projects/trx_bot/carry_executor.py", line 88, in scan_and_act
    fr = fetch_funding_rate(symbol)
         ^^^^^^^^^^^^^^^^^^
NameError: name 'fetch_funding_rate' is not defined
2026-06-19 03:00:03,227 [carry] INFO: carry_executor 模式: 🟢 DRY-RUN（不下单）（实盘需 CARRY_LIVE=1，且勿与主 bot 同币种同跑）
Traceback (most recent call last):
  File "/root/projects/trx_bot/carry_executor.py", line 265, in <module>
    print(json.dumps(run_once(), indent=2, ensure_ascii=False, default=str))
                     ^^^^^^^^^^
  File "/root/projects/trx_bot/carry_executor.py", line 233, in run_once
    return CarryExecutor(live=live).scan_and_act()
           ^^^^^^^^^^^^^^^^^^^^^^^^^^^^^^^^^^^^^^^
  File "/root/projects/trx_bot/carry_executor.py", line 88, in scan_and_act
    fr = fetch_funding_rate(symbol)
         ^^^^^^^^^^^^^^^^^^
NameError: name 'fetch_funding_rate' is not defined
2026-06-19 04:00:05,301 [carry] INFO: carry_executor 模式: 🟢 DRY-RUN（不下单）（实盘需 CARRY_LIVE=1，且勿与主 bot 同币种同跑）
Traceback (most recent call last):
  File "/root/projects/trx_bot/carry_executor.py", line 265, in <module>
    print(json.dumps(run_once(), indent=2, ensure_ascii=False, default=str))
                     ^^^^^^^^^^
  File "/root/projects/trx_bot/carry_executor.py", line 233, in run_once
    return CarryExecutor(live=live).scan_and_act()
           ^^^^^^^^^^^^^^^^^^^^^^^^^^^^^^^^^^^^^^^
  File "/root/projects/trx_bot/carry_executor.py", line 88, in scan_and_act
    fr = fetch_funding_rate(symbol)
         ^^^^^^^^^^^^^^^^^^
NameError: name 'fetch_funding_rate' is not defined
2026-06-19 05:00:04,834 [carry] INFO: carry_executor 模式: 🟢 DRY-RUN（不下单）（实盘需 CARRY_LIVE=1，且勿与主 bot 同币种同跑）
Traceback (most recent call last):
  File "/root/projects/trx_bot/carry_executor.py", line 265, in <module>
    print(json.dumps(run_once(), indent=2, ensure_ascii=False, default=str))
                     ^^^^^^^^^^
  File "/root/projects/trx_bot/carry_executor.py", line 233, in run_once
    return CarryExecutor(live=live).scan_and_act()
           ^^^^^^^^^^^^^^^^^^^^^^^^^^^^^^^^^^^^^^^
  File "/root/projects/trx_bot/carry_executor.py", line 88, in scan_and_act
    fr = fetch_funding_rate(symbol)
         ^^^^^^^^^^^^^^^^^^
NameError: name 'fetch_funding_rate' is not defined
2026-06-19 06:00:10,111 [carry] INFO: carry_executor 模式: 🟢 DRY-RUN（不下单）（实盘需 CARRY_LIVE=1，且勿与主 bot 同币种同跑）
Traceback (most recent call last):
  File "/root/projects/trx_bot/carry_executor.py", line 265, in <module>
    print(json.dumps(run_once(), indent=2, ensure_ascii=False, default=str))
                     ^^^^^^^^^^
  File "/root/projects/trx_bot/carry_executor.py", line 233, in run_once
    return CarryExecutor(live=live).scan_and_act()
           ^^^^^^^^^^^^^^^^^^^^^^^^^^^^^^^^^^^^^^^
  File "/root/projects/trx_bot/carry_executor.py", line 88, in scan_and_act
    fr = fetch_funding_rate(symbol)
         ^^^^^^^^^^^^^^^^^^
NameError: name 'fetch_funding_rate' is not defined
2026-06-19 07:00:04,684 [carry] INFO: carry_executor 模式: 🟢 DRY-RUN（不下单）（实盘需 CARRY_LIVE=1，且勿与主 bot 同币种同跑）
Traceback (most recent call last):
  File "/root/projects/trx_bot/carry_executor.py", line 265, in <module>
    print(json.dumps(run_once(), indent=2, ensure_ascii=False, default=str))
                     ^^^^^^^^^^
  File "/root/projects/trx_bot/carry_executor.py", line 233, in run_once
    return CarryExecutor(live=live).scan_and_act()
           ^^^^^^^^^^^^^^^^^^^^^^^^^^^^^^^^^^^^^^^
  File "/root/projects/trx_bot/carry_executor.py", line 88, in scan_and_act
    fr = fetch_funding_rate(symbol)
         ^^^^^^^^^^^^^^^^^^
NameError: name 'fetch_funding_rate' is not defined
2026-06-19 08:00:05,687 [carry] INFO: carry_executor 模式: 🟢 DRY-RUN（不下单）（实盘需 CARRY_LIVE=1，且勿与主 bot 同币种同跑）
Traceback (most recent call last):
  File "/root/projects/trx_bot/carry_executor.py", line 265, in <module>
    print(json.dumps(run_once(), indent=2, ensure_ascii=False, default=str))
                     ^^^^^^^^^^
  File "/root/projects/trx_bot/carry_executor.py", line 233, in run_once
    return CarryExecutor(live=live).scan_and_act()
           ^^^^^^^^^^^^^^^^^^^^^^^^^^^^^^^^^^^^^^^
  File "/root/projects/trx_bot/carry_executor.py", line 88, in scan_and_act
    fr = fetch_funding_rate(symbol)
         ^^^^^^^^^^^^^^^^^^
NameError: name 'fetch_funding_rate' is not defined
2026-06-19 09:00:05,252 [carry] INFO: carry_executor 模式: 🟢 DRY-RUN（不下单）（实盘需 CARRY_LIVE=1，且勿与主 bot 同币种同跑）
Traceback (most recent call last):
  File "/root/projects/trx_bot/carry_executor.py", line 265, in <module>
    print(json.dumps(run_once(), indent=2, ensure_ascii=False, default=str))
                     ^^^^^^^^^^
  File "/root/projects/trx_bot/carry_executor.py", line 233, in run_once
    return CarryExecutor(live=live).scan_and_act()
           ^^^^^^^^^^^^^^^^^^^^^^^^^^^^^^^^^^^^^^^
  File "/root/projects/trx_bot/carry_executor.py", line 88, in scan_and_act
    fr = fetch_funding_rate(symbol)
         ^^^^^^^^^^^^^^^^^^
NameError: name 'fetch_funding_rate' is not defined
2026-06-19 10:00:06,641 [carry] INFO: carry_executor 模式: 🟢 DRY-RUN（不下单）（实盘需 CARRY_LIVE=1，且勿与主 bot 同币种同跑）
Traceback (most recent call last):
  File "/root/projects/trx_bot/carry_executor.py", line 265, in <module>
    print(json.dumps(run_once(), indent=2, ensure_ascii=False, default=str))
                     ^^^^^^^^^^
  File "/root/projects/trx_bot/carry_executor.py", line 233, in run_once
    return CarryExecutor(live=live).scan_and_act()
           ^^^^^^^^^^^^^^^^^^^^^^^^^^^^^^^^^^^^^^^
  File "/root/projects/trx_bot/carry_executor.py", line 88, in scan_and_act
    fr = fetch_funding_rate(symbol)
         ^^^^^^^^^^^^^^^^^^
NameError: name 'fetch_funding_rate' is not defined
2026-06-19 11:00:06,013 [carry] INFO: carry_executor 模式: 🟢 DRY-RUN（不下单）（实盘需 CARRY_LIVE=1，且勿与主 bot 同币种同跑）
Traceback (most recent call last):
  File "/root/projects/trx_bot/carry_executor.py", line 265, in <module>
    print(json.dumps(run_once(), indent=2, ensure_ascii=False, default=str))
                     ^^^^^^^^^^
  File "/root/projects/trx_bot/carry_executor.py", line 233, in run_once
    return CarryExecutor(live=live).scan_and_act()
           ^^^^^^^^^^^^^^^^^^^^^^^^^^^^^^^^^^^^^^^
  File "/root/projects/trx_bot/carry_executor.py", line 88, in scan_and_act
    fr = fetch_funding_rate(symbol)
         ^^^^^^^^^^^^^^^^^^
NameError: name 'fetch_funding_rate' is not defined
2026-06-19 12:00:03,185 [carry] INFO: carry_executor 模式: 🟢 DRY-RUN（不下单）（实盘需 CARRY_LIVE=1，且勿与主 bot 同币种同跑）
Traceback (most recent call last):
  File "/root/projects/trx_bot/carry_executor.py", line 265, in <module>
    print(json.dumps(run_once(), indent=2, ensure_ascii=False, default=str))
                     ^^^^^^^^^^
  File "/root/projects/trx_bot/carry_executor.py", line 233, in run_once
    return CarryExecutor(live=live).scan_and_act()
           ^^^^^^^^^^^^^^^^^^^^^^^^^^^^^^^^^^^^^^^
  File "/root/projects/trx_bot/carry_executor.py", line 88, in scan_and_act
    fr = fetch_funding_rate(symbol)
         ^^^^^^^^^^^^^^^^^^
NameError: name 'fetch_funding_rate' is not defined
2026-06-19 13:00:12,204 [carry] INFO: carry_executor 模式: 🟢 DRY-RUN（不下单）（实盘需 CARRY_LIVE=1，且勿与主 bot 同币种同跑）
Traceback (most recent call last):
  File "/root/projects/trx_bot/carry_executor.py", line 265, in <module>
    print(json.dumps(run_once(), indent=2, ensure_ascii=False, default=str))
                     ^^^^^^^^^^
  File "/root/projects/trx_bot/carry_executor.py", line 233, in run_once
    return CarryExecutor(live=live).scan_and_act()
           ^^^^^^^^^^^^^^^^^^^^^^^^^^^^^^^^^^^^^^^
  File "/root/projects/trx_bot/carry_executor.py", line 88, in scan_and_act
    fr = fetch_funding_rate(symbol)
         ^^^^^^^^^^^^^^^^^^
NameError: name 'fetch_funding_rate' is not defined
2026-06-19 14:00:05,958 [carry] INFO: carry_executor 模式: 🟢 DRY-RUN（不下单）（实盘需 CARRY_LIVE=1，且勿与主 bot 同币种同跑）
Traceback (most recent call last):
  File "/root/projects/trx_bot/carry_executor.py", line 265, in <module>
    print(json.dumps(run_once(), indent=2, ensure_ascii=False, default=str))
                     ^^^^^^^^^^
  File "/root/projects/trx_bot/carry_executor.py", line 233, in run_once
    return CarryExecutor(live=live).scan_and_act()
           ^^^^^^^^^^^^^^^^^^^^^^^^^^^^^^^^^^^^^^^
  File "/root/projects/trx_bot/carry_executor.py", line 88, in scan_and_act
    fr = fetch_funding_rate(symbol)
         ^^^^^^^^^^^^^^^^^^
NameError: name 'fetch_funding_rate' is not defined
2026-06-19 15:00:10,073 [carry] INFO: carry_executor 模式: 🟢 DRY-RUN（不下单）（实盘需 CARRY_LIVE=1，且勿与主 bot 同币种同跑）
Traceback (most recent call last):
  File "/root/projects/trx_bot/carry_executor.py", line 265, in <module>
    print(json.dumps(run_once(), indent=2, ensure_ascii=False, default=str))
                     ^^^^^^^^^^
  File "/root/projects/trx_bot/carry_executor.py", line 233, in run_once
    return CarryExecutor(live=live).scan_and_act()
           ^^^^^^^^^^^^^^^^^^^^^^^^^^^^^^^^^^^^^^^
  File "/root/projects/trx_bot/carry_executor.py", line 88, in scan_and_act
    fr = fetch_funding_rate(symbol)
         ^^^^^^^^^^^^^^^^^^
NameError: name 'fetch_funding_rate' is not defined
2026-06-19 16:00:13,469 [carry] INFO: carry_executor 模式: 🟢 DRY-RUN（不下单）（实盘需 CARRY_LIVE=1，且勿与主 bot 同币种同跑）
Traceback (most recent call last):
  File "/root/projects/trx_bot/carry_executor.py", line 265, in <module>
    print(json.dumps(run_once(), indent=2, ensure_ascii=False, default=str))
                     ^^^^^^^^^^
  File "/root/projects/trx_bot/carry_executor.py", line 233, in run_once
    return CarryExecutor(live=live).scan_and_act()
           ^^^^^^^^^^^^^^^^^^^^^^^^^^^^^^^^^^^^^^^
  File "/root/projects/trx_bot/carry_executor.py", line 88, in scan_and_act
    fr = fetch_funding_rate(symbol)
         ^^^^^^^^^^^^^^^^^^
NameError: name 'fetch_funding_rate' is not defined
2026-06-19 17:00:13,121 [carry] INFO: carry_executor 模式: 🟢 DRY-RUN（不下单）（实盘需 CARRY_LIVE=1，且勿与主 bot 同币种同跑）
Traceback (most recent call last):
  File "/root/projects/trx_bot/carry_executor.py", line 265, in <module>
    print(json.dumps(run_once(), indent=2, ensure_ascii=False, default=str))
                     ^^^^^^^^^^
  File "/root/projects/trx_bot/carry_executor.py", line 233, in run_once
    return CarryExecutor(live=live).scan_and_act()
           ^^^^^^^^^^^^^^^^^^^^^^^^^^^^^^^^^^^^^^^
  File "/root/projects/trx_bot/carry_executor.py", line 88, in scan_and_act
    fr = fetch_funding_rate(symbol)
         ^^^^^^^^^^^^^^^^^^
NameError: name 'fetch_funding_rate' is not defined
2026-06-19 18:00:11,131 [carry] INFO: carry_executor 模式: 🟢 DRY-RUN（不下单）（实盘需 CARRY_LIVE=1，且勿与主 bot 同币种同跑）
Traceback (most recent call last):
  File "/root/projects/trx_bot/carry_executor.py", line 265, in <module>
    print(json.dumps(run_once(), indent=2, ensure_ascii=False, default=str))
                     ^^^^^^^^^^
  File "/root/projects/trx_bot/carry_executor.py", line 233, in run_once
    return CarryExecutor(live=live).scan_and_act()
           ^^^^^^^^^^^^^^^^^^^^^^^^^^^^^^^^^^^^^^^
  File "/root/projects/trx_bot/carry_executor.py", line 88, in scan_and_act
    fr = fetch_funding_rate(symbol)
         ^^^^^^^^^^^^^^^^^^
NameError: name 'fetch_funding_rate' is not defined
2026-06-19 19:00:09,687 [carry] INFO: carry_executor 模式: 🟢 DRY-RUN（不下单）（实盘需 CARRY_LIVE=1，且勿与主 bot 同币种同跑）
Traceback (most recent call last):
  File "/root/projects/trx_bot/carry_executor.py", line 265, in <module>
    print(json.dumps(run_once(), indent=2, ensure_ascii=False, default=str))
                     ^^^^^^^^^^
  File "/root/projects/trx_bot/carry_executor.py", line 233, in run_once
    return CarryExecutor(live=live).scan_and_act()
           ^^^^^^^^^^^^^^^^^^^^^^^^^^^^^^^^^^^^^^^
  File "/root/projects/trx_bot/carry_executor.py", line 88, in scan_and_act
    fr = fetch_funding_rate(symbol)
         ^^^^^^^^^^^^^^^^^^
NameError: name 'fetch_funding_rate' is not defined
2026-06-19 20:00:13,045 [carry] INFO: carry_executor 模式: 🟢 DRY-RUN（不下单）（实盘需 CARRY_LIVE=1，且勿与主 bot 同币种同跑）
Traceback (most recent call last):
  File "/root/projects/trx_bot/carry_executor.py", line 265, in <module>
    print(json.dumps(run_once(), indent=2, ensure_ascii=False, default=str))
                     ^^^^^^^^^^
  File "/root/projects/trx_bot/carry_executor.py", line 233, in run_once
    return CarryExecutor(live=live).scan_and_act()
           ^^^^^^^^^^^^^^^^^^^^^^^^^^^^^^^^^^^^^^^
  File "/root/projects/trx_bot/carry_executor.py", line 88, in scan_and_act
    fr = fetch_funding_rate(symbol)
         ^^^^^^^^^^^^^^^^^^
NameError: name 'fetch_funding_rate' is not defined
2026-06-19 21:00:12,127 [carry] INFO: carry_executor 模式: 🟢 DRY-RUN（不下单）（实盘需 CARRY_LIVE=1，且勿与主 bot 同币种同跑）
Traceback (most recent call last):
  File "/root/projects/trx_bot/carry_executor.py", line 265, in <module>
    print(json.dumps(run_once(), indent=2, ensure_ascii=False, default=str))
                     ^^^^^^^^^^
  File "/root/projects/trx_bot/carry_executor.py", line 233, in run_once
    return CarryExecutor(live=live).scan_and_act()
           ^^^^^^^^^^^^^^^^^^^^^^^^^^^^^^^^^^^^^^^
  File "/root/projects/trx_bot/carry_executor.py", line 88, in scan_and_act
    fr = fetch_funding_rate(symbol)
         ^^^^^^^^^^^^^^^^^^
NameError: name 'fetch_funding_rate' is not defined
2026-06-19 22:00:06,301 [carry] INFO: carry_executor 模式: 🟢 DRY-RUN（不下单）（实盘需 CARRY_LIVE=1，且勿与主 bot 同币种同跑）
Traceback (most recent call last):
  File "/root/projects/trx_bot/carry_executor.py", line 265, in <module>
    print(json.dumps(run_once(), indent=2, ensure_ascii=False, default=str))
                     ^^^^^^^^^^
  File "/root/projects/trx_bot/carry_executor.py", line 233, in run_once
    return CarryExecutor(live=live).scan_and_act()
           ^^^^^^^^^^^^^^^^^^^^^^^^^^^^^^^^^^^^^^^
  File "/root/projects/trx_bot/carry_executor.py", line 88, in scan_and_act
    fr = fetch_funding_rate(symbol)
         ^^^^^^^^^^^^^^^^^^
NameError: name 'fetch_funding_rate' is not defined
2026-06-19 23:00:10,103 [carry] INFO: carry_executor 模式: 🟢 DRY-RUN（不下单）（实盘需 CARRY_LIVE=1，且勿与主 bot 同币种同跑）
Traceback (most recent call last):
  File "/root/projects/trx_bot/carry_executor.py", line 265, in <module>
    print(json.dumps(run_once(), indent=2, ensure_ascii=False, default=str))
                     ^^^^^^^^^^
  File "/root/projects/trx_bot/carry_executor.py", line 233, in run_once
    return CarryExecutor(live=live).scan_and_act()
           ^^^^^^^^^^^^^^^^^^^^^^^^^^^^^^^^^^^^^^^
  File "/root/projects/trx_bot/carry_executor.py", line 88, in scan_and_act
    fr = fetch_funding_rate(symbol)
         ^^^^^^^^^^^^^^^^^^
NameError: name 'fetch_funding_rate' is not defined
2026-06-20 00:00:13,046 [carry] INFO: carry_executor 模式: 🟢 DRY-RUN（不下单）（实盘需 CARRY_LIVE=1，且勿与主 bot 同币种同跑）
Traceback (most recent call last):
  File "/root/projects/trx_bot/carry_executor.py", line 265, in <module>
    print(json.dumps(run_once(), indent=2, ensure_ascii=False, default=str))
                     ^^^^^^^^^^
  File "/root/projects/trx_bot/carry_executor.py", line 233, in run_once
    return CarryExecutor(live=live).scan_and_act()
           ^^^^^^^^^^^^^^^^^^^^^^^^^^^^^^^^^^^^^^^
  File "/root/projects/trx_bot/carry_executor.py", line 88, in scan_and_act
    fr = fetch_funding_rate(symbol)
         ^^^^^^^^^^^^^^^^^^
NameError: name 'fetch_funding_rate' is not defined
2026-06-20 01:00:11,790 [carry] INFO: carry_executor 模式: 🟢 DRY-RUN（不下单）（实盘需 CARRY_LIVE=1，且勿与主 bot 同币种同跑）
Traceback (most recent call last):
  File "/root/projects/trx_bot/carry_executor.py", line 265, in <module>
    print(json.dumps(run_once(), indent=2, ensure_ascii=False, default=str))
                     ^^^^^^^^^^
  File "/root/projects/trx_bot/carry_executor.py", line 233, in run_once
    return CarryExecutor(live=live).scan_and_act()
           ^^^^^^^^^^^^^^^^^^^^^^^^^^^^^^^^^^^^^^^
  File "/root/projects/trx_bot/carry_executor.py", line 88, in scan_and_act
    fr = fetch_funding_rate(symbol)
         ^^^^^^^^^^^^^^^^^^
NameError: name 'fetch_funding_rate' is not defined
2026-06-20 02:00:08,949 [carry] INFO: carry_executor 模式: 🟢 DRY-RUN（不下单）（实盘需 CARRY_LIVE=1，且勿与主 bot 同币种同跑）
Traceback (most recent call last):
  File "/root/projects/trx_bot/carry_executor.py", line 265, in <module>
    print(json.dumps(run_once(), indent=2, ensure_ascii=False, default=str))
                     ^^^^^^^^^^
  File "/root/projects/trx_bot/carry_executor.py", line 233, in run_once
    return CarryExecutor(live=live).scan_and_act()
           ^^^^^^^^^^^^^^^^^^^^^^^^^^^^^^^^^^^^^^^
  File "/root/projects/trx_bot/carry_executor.py", line 88, in scan_and_act
    fr = fetch_funding_rate(symbol)
         ^^^^^^^^^^^^^^^^^^
NameError: name 'fetch_funding_rate' is not defined
2026-06-20 03:00:20,521 [carry] INFO: carry_executor 模式: 🟢 DRY-RUN（不下单）（实盘需 CARRY_LIVE=1，且勿与主 bot 同币种同跑）
Traceback (most recent call last):
  File "/root/projects/trx_bot/carry_executor.py", line 265, in <module>
    print(json.dumps(run_once(), indent=2, ensure_ascii=False, default=str))
                     ^^^^^^^^^^
  File "/root/projects/trx_bot/carry_executor.py", line 233, in run_once
    return CarryExecutor(live=live).scan_and_act()
           ^^^^^^^^^^^^^^^^^^^^^^^^^^^^^^^^^^^^^^^
  File "/root/projects/trx_bot/carry_executor.py", line 88, in scan_and_act
    fr = fetch_funding_rate(symbol)
         ^^^^^^^^^^^^^^^^^^
NameError: name 'fetch_funding_rate' is not defined
2026-06-20 04:00:08,011 [carry] INFO: carry_executor 模式: 🟢 DRY-RUN（不下单）（实盘需 CARRY_LIVE=1，且勿与主 bot 同币种同跑）
Traceback (most recent call last):
  File "/root/projects/trx_bot/carry_executor.py", line 265, in <module>
    print(json.dumps(run_once(), indent=2, ensure_ascii=False, default=str))
                     ^^^^^^^^^^
  File "/root/projects/trx_bot/carry_executor.py", line 233, in run_once
    return CarryExecutor(live=live).scan_and_act()
           ^^^^^^^^^^^^^^^^^^^^^^^^^^^^^^^^^^^^^^^
  File "/root/projects/trx_bot/carry_executor.py", line 88, in scan_and_act
    fr = fetch_funding_rate(symbol)
         ^^^^^^^^^^^^^^^^^^
NameError: name 'fetch_funding_rate' is not defined
2026-06-20 05:00:10,188 [carry] INFO: carry_executor 模式: 🟢 DRY-RUN（不下单）（实盘需 CARRY_LIVE=1，且勿与主 bot 同币种同跑）
Traceback (most recent call last):
  File "/root/projects/trx_bot/carry_executor.py", line 265, in <module>
    print(json.dumps(run_once(), indent=2, ensure_ascii=False, default=str))
                     ^^^^^^^^^^
  File "/root/projects/trx_bot/carry_executor.py", line 233, in run_once
    return CarryExecutor(live=live).scan_and_act()
           ^^^^^^^^^^^^^^^^^^^^^^^^^^^^^^^^^^^^^^^
  File "/root/projects/trx_bot/carry_executor.py", line 88, in scan_and_act
    fr = fetch_funding_rate(symbol)
         ^^^^^^^^^^^^^^^^^^
NameError: name 'fetch_funding_rate' is not defined
2026-06-20 06:00:10,027 [carry] INFO: carry_executor 模式: 🟢 DRY-RUN（不下单）（实盘需 CARRY_LIVE=1，且勿与主 bot 同币种同跑）
Traceback (most recent call last):
  File "/root/projects/trx_bot/carry_executor.py", line 265, in <module>
    print(json.dumps(run_once(), indent=2, ensure_ascii=False, default=str))
                     ^^^^^^^^^^
  File "/root/projects/trx_bot/carry_executor.py", line 233, in run_once
    return CarryExecutor(live=live).scan_and_act()
           ^^^^^^^^^^^^^^^^^^^^^^^^^^^^^^^^^^^^^^^
  File "/root/projects/trx_bot/carry_executor.py", line 88, in scan_and_act
    fr = fetch_funding_rate(symbol)
         ^^^^^^^^^^^^^^^^^^
NameError: name 'fetch_funding_rate' is not defined
2026-06-20 07:00:10,630 [carry] INFO: carry_executor 模式: 🟢 DRY-RUN（不下单）（实盘需 CARRY_LIVE=1，且勿与主 bot 同币种同跑）
Traceback (most recent call last):
  File "/root/projects/trx_bot/carry_executor.py", line 265, in <module>
    print(json.dumps(run_once(), indent=2, ensure_ascii=False, default=str))
                     ^^^^^^^^^^
  File "/root/projects/trx_bot/carry_executor.py", line 233, in run_once
    return CarryExecutor(live=live).scan_and_act()
           ^^^^^^^^^^^^^^^^^^^^^^^^^^^^^^^^^^^^^^^
  File "/root/projects/trx_bot/carry_executor.py", line 88, in scan_and_act
    fr = fetch_funding_rate(symbol)
         ^^^^^^^^^^^^^^^^^^
NameError: name 'fetch_funding_rate' is not defined
2026-06-20 08:00:14,785 [carry] INFO: carry_executor 模式: 🟢 DRY-RUN（不下单）（实盘需 CARRY_LIVE=1，且勿与主 bot 同币种同跑）
Traceback (most recent call last):
  File "/root/projects/trx_bot/carry_executor.py", line 265, in <module>
    print(json.dumps(run_once(), indent=2, ensure_ascii=False, default=str))
                     ^^^^^^^^^^
  File "/root/projects/trx_bot/carry_executor.py", line 233, in run_once
    return CarryExecutor(live=live).scan_and_act()
           ^^^^^^^^^^^^^^^^^^^^^^^^^^^^^^^^^^^^^^^
  File "/root/projects/trx_bot/carry_executor.py", line 88, in scan_and_act
    fr = fetch_funding_rate(symbol)
         ^^^^^^^^^^^^^^^^^^
NameError: name 'fetch_funding_rate' is not defined
2026-06-20 09:00:05,338 [carry] INFO: carry_executor 模式: 🟢 DRY-RUN（不下单）（实盘需 CARRY_LIVE=1，且勿与主 bot 同币种同跑）
Traceback (most recent call last):
  File "/root/projects/trx_bot/carry_executor.py", line 265, in <module>
    print(json.dumps(run_once(), indent=2, ensure_ascii=False, default=str))
                     ^^^^^^^^^^
  File "/root/projects/trx_bot/carry_executor.py", line 233, in run_once
    return CarryExecutor(live=live).scan_and_act()
           ^^^^^^^^^^^^^^^^^^^^^^^^^^^^^^^^^^^^^^^
  File "/root/projects/trx_bot/carry_executor.py", line 88, in scan_and_act
    fr = fetch_funding_rate(symbol)
         ^^^^^^^^^^^^^^^^^^
NameError: name 'fetch_funding_rate' is not defined
2026-06-20 10:00:10,890 [carry] INFO: carry_executor 模式: 🟢 DRY-RUN（不下单）（实盘需 CARRY_LIVE=1，且勿与主 bot 同币种同跑）
Traceback (most recent call last):
  File "/root/projects/trx_bot/carry_executor.py", line 265, in <module>
    print(json.dumps(run_once(), indent=2, ensure_ascii=False, default=str))
                     ^^^^^^^^^^
  File "/root/projects/trx_bot/carry_executor.py", line 233, in run_once
    return CarryExecutor(live=live).scan_and_act()
           ^^^^^^^^^^^^^^^^^^^^^^^^^^^^^^^^^^^^^^^
  File "/root/projects/trx_bot/carry_executor.py", line 88, in scan_and_act
    fr = fetch_funding_rate(symbol)
         ^^^^^^^^^^^^^^^^^^
NameError: name 'fetch_funding_rate' is not defined
2026-06-20 11:00:10,791 [carry] INFO: carry_executor 模式: 🟢 DRY-RUN（不下单）（实盘需 CARRY_LIVE=1，且勿与主 bot 同币种同跑）
Traceback (most recent call last):
  File "/root/projects/trx_bot/carry_executor.py", line 265, in <module>
    print(json.dumps(run_once(), indent=2, ensure_ascii=False, default=str))
                     ^^^^^^^^^^
  File "/root/projects/trx_bot/carry_executor.py", line 233, in run_once
    return CarryExecutor(live=live).scan_and_act()
           ^^^^^^^^^^^^^^^^^^^^^^^^^^^^^^^^^^^^^^^
  File "/root/projects/trx_bot/carry_executor.py", line 88, in scan_and_act
    fr = fetch_funding_rate(symbol)
         ^^^^^^^^^^^^^^^^^^
NameError: name 'fetch_funding_rate' is not defined
2026-06-20 12:00:08,536 [carry] INFO: carry_executor 模式: 🟢 DRY-RUN（不下单）（实盘需 CARRY_LIVE=1，且勿与主 bot 同币种同跑）
Traceback (most recent call last):
  File "/root/projects/trx_bot/carry_executor.py", line 265, in <module>
    print(json.dumps(run_once(), indent=2, ensure_ascii=False, default=str))
                     ^^^^^^^^^^
  File "/root/projects/trx_bot/carry_executor.py", line 233, in run_once
    return CarryExecutor(live=live).scan_and_act()
           ^^^^^^^^^^^^^^^^^^^^^^^^^^^^^^^^^^^^^^^
  File "/root/projects/trx_bot/carry_executor.py", line 88, in scan_and_act
    fr = fetch_funding_rate(symbol)
         ^^^^^^^^^^^^^^^^^^
NameError: name 'fetch_funding_rate' is not defined
2026-06-20 13:00:10,326 [carry] INFO: carry_executor 模式: 🟢 DRY-RUN（不下单）（实盘需 CARRY_LIVE=1，且勿与主 bot 同币种同跑）
Traceback (most recent call last):
  File "/root/projects/trx_bot/carry_executor.py", line 265, in <module>
    print(json.dumps(run_once(), indent=2, ensure_ascii=False, default=str))
                     ^^^^^^^^^^
  File "/root/projects/trx_bot/carry_executor.py", line 233, in run_once
    return CarryExecutor(live=live).scan_and_act()
           ^^^^^^^^^^^^^^^^^^^^^^^^^^^^^^^^^^^^^^^
  File "/root/projects/trx_bot/carry_executor.py", line 88, in scan_and_act
    fr = fetch_funding_rate(symbol)
         ^^^^^^^^^^^^^^^^^^
NameError: name 'fetch_funding_rate' is not defined
2026-06-20 14:00:12,976 [carry] INFO: carry_executor 模式: 🟢 DRY-RUN（不下单）（实盘需 CARRY_LIVE=1，且勿与主 bot 同币种同跑）
Traceback (most recent call last):
  File "/root/projects/trx_bot/carry_executor.py", line 265, in <module>
    print(json.dumps(run_once(), indent=2, ensure_ascii=False, default=str))
                     ^^^^^^^^^^
  File "/root/projects/trx_bot/carry_executor.py", line 233, in run_once
    return CarryExecutor(live=live).scan_and_act()
           ^^^^^^^^^^^^^^^^^^^^^^^^^^^^^^^^^^^^^^^
  File "/root/projects/trx_bot/carry_executor.py", line 88, in scan_and_act
    fr = fetch_funding_rate(symbol)
         ^^^^^^^^^^^^^^^^^^
NameError: name 'fetch_funding_rate' is not defined
2026-06-20 15:00:07,559 [carry] INFO: carry_executor 模式: 🟢 DRY-RUN（不下单）（实盘需 CARRY_LIVE=1，且勿与主 bot 同币种同跑）
Traceback (most recent call last):
  File "/root/projects/trx_bot/carry_executor.py", line 265, in <module>
    print(json.dumps(run_once(), indent=2, ensure_ascii=False, default=str))
                     ^^^^^^^^^^
  File "/root/projects/trx_bot/carry_executor.py", line 233, in run_once
    return CarryExecutor(live=live).scan_and_act()
           ^^^^^^^^^^^^^^^^^^^^^^^^^^^^^^^^^^^^^^^
  File "/root/projects/trx_bot/carry_executor.py", line 88, in scan_and_act
    fr = fetch_funding_rate(symbol)
         ^^^^^^^^^^^^^^^^^^
NameError: name 'fetch_funding_rate' is not defined
2026-06-20 16:00:11,406 [carry] INFO: carry_executor 模式: 🟢 DRY-RUN（不下单）（实盘需 CARRY_LIVE=1，且勿与主 bot 同币种同跑）
Traceback (most recent call last):
  File "/root/projects/trx_bot/carry_executor.py", line 265, in <module>
    print(json.dumps(run_once(), indent=2, ensure_ascii=False, default=str))
                     ^^^^^^^^^^
  File "/root/projects/trx_bot/carry_executor.py", line 233, in run_once
    return CarryExecutor(live=live).scan_and_act()
           ^^^^^^^^^^^^^^^^^^^^^^^^^^^^^^^^^^^^^^^
  File "/root/projects/trx_bot/carry_executor.py", line 88, in scan_and_act
    fr = fetch_funding_rate(symbol)
         ^^^^^^^^^^^^^^^^^^
NameError: name 'fetch_funding_rate' is not defined
2026-06-20 17:00:08,802 [carry] INFO: carry_executor 模式: 🟢 DRY-RUN（不下单）（实盘需 CARRY_LIVE=1，且勿与主 bot 同币种同跑）
Traceback (most recent call last):
  File "/root/projects/trx_bot/carry_executor.py", line 265, in <module>
    print(json.dumps(run_once(), indent=2, ensure_ascii=False, default=str))
                     ^^^^^^^^^^
  File "/root/projects/trx_bot/carry_executor.py", line 233, in run_once
    return CarryExecutor(live=live).scan_and_act()
           ^^^^^^^^^^^^^^^^^^^^^^^^^^^^^^^^^^^^^^^
  File "/root/projects/trx_bot/carry_executor.py", line 88, in scan_and_act
    fr = fetch_funding_rate(symbol)
         ^^^^^^^^^^^^^^^^^^
NameError: name 'fetch_funding_rate' is not defined
2026-06-20 18:00:13,018 [carry] INFO: carry_executor 模式: 🟢 DRY-RUN（不下单）（实盘需 CARRY_LIVE=1，且勿与主 bot 同币种同跑）
Traceback (most recent call last):
  File "/root/projects/trx_bot/carry_executor.py", line 265, in <module>
    print(json.dumps(run_once(), indent=2, ensure_ascii=False, default=str))
                     ^^^^^^^^^^
  File "/root/projects/trx_bot/carry_executor.py", line 233, in run_once
    return CarryExecutor(live=live).scan_and_act()
           ^^^^^^^^^^^^^^^^^^^^^^^^^^^^^^^^^^^^^^^
  File "/root/projects/trx_bot/carry_executor.py", line 88, in scan_and_act
    fr = fetch_funding_rate(symbol)
         ^^^^^^^^^^^^^^^^^^
NameError: name 'fetch_funding_rate' is not defined
2026-06-20 19:00:11,448 [carry] INFO: carry_executor 模式: 🟢 DRY-RUN（不下单）（实盘需 CARRY_LIVE=1，且勿与主 bot 同币种同跑）
Traceback (most recent call last):
  File "/root/projects/trx_bot/carry_executor.py", line 265, in <module>
    print(json.dumps(run_once(), indent=2, ensure_ascii=False, default=str))
                     ^^^^^^^^^^
  File "/root/projects/trx_bot/carry_executor.py", line 233, in run_once
    return CarryExecutor(live=live).scan_and_act()
           ^^^^^^^^^^^^^^^^^^^^^^^^^^^^^^^^^^^^^^^
  File "/root/projects/trx_bot/carry_executor.py", line 88, in scan_and_act
    fr = fetch_funding_rate(symbol)
         ^^^^^^^^^^^^^^^^^^
NameError: name 'fetch_funding_rate' is not defined
2026-06-20 20:00:05,143 [carry] INFO: carry_executor 模式: 🟢 DRY-RUN（不下单）（实盘需 CARRY_LIVE=1，且勿与主 bot 同币种同跑）
Traceback (most recent call last):
  File "/root/projects/trx_bot/carry_executor.py", line 265, in <module>
    print(json.dumps(run_once(), indent=2, ensure_ascii=False, default=str))
                     ^^^^^^^^^^
  File "/root/projects/trx_bot/carry_executor.py", line 233, in run_once
    return CarryExecutor(live=live).scan_and_act()
           ^^^^^^^^^^^^^^^^^^^^^^^^^^^^^^^^^^^^^^^
  File "/root/projects/trx_bot/carry_executor.py", line 88, in scan_and_act
    fr = fetch_funding_rate(symbol)
         ^^^^^^^^^^^^^^^^^^
NameError: name 'fetch_funding_rate' is not defined
2026-06-20 21:00:14,354 [carry] INFO: carry_executor 模式: 🟢 DRY-RUN（不下单）（实盘需 CARRY_LIVE=1，且勿与主 bot 同币种同跑）
Traceback (most recent call last):
  File "/root/projects/trx_bot/carry_executor.py", line 265, in <module>
    print(json.dumps(run_once(), indent=2, ensure_ascii=False, default=str))
                     ^^^^^^^^^^
  File "/root/projects/trx_bot/carry_executor.py", line 233, in run_once
    return CarryExecutor(live=live).scan_and_act()
           ^^^^^^^^^^^^^^^^^^^^^^^^^^^^^^^^^^^^^^^
  File "/root/projects/trx_bot/carry_executor.py", line 88, in scan_and_act
    fr = fetch_funding_rate(symbol)
         ^^^^^^^^^^^^^^^^^^
NameError: name 'fetch_funding_rate' is not defined
2026-06-20 22:00:07,448 [carry] INFO: carry_executor 模式: 🟢 DRY-RUN（不下单）（实盘需 CARRY_LIVE=1，且勿与主 bot 同币种同跑）
Traceback (most recent call last):
  File "/root/projects/trx_bot/carry_executor.py", line 265, in <module>
    print(json.dumps(run_once(), indent=2, ensure_ascii=False, default=str))
                     ^^^^^^^^^^
  File "/root/projects/trx_bot/carry_executor.py", line 233, in run_once
    return CarryExecutor(live=live).scan_and_act()
           ^^^^^^^^^^^^^^^^^^^^^^^^^^^^^^^^^^^^^^^
  File "/root/projects/trx_bot/carry_executor.py", line 88, in scan_and_act
    fr = fetch_funding_rate(symbol)
         ^^^^^^^^^^^^^^^^^^
NameError: name 'fetch_funding_rate' is not defined
2026-06-20 23:00:18,774 [carry] INFO: carry_executor 模式: 🟢 DRY-RUN（不下单）（实盘需 CARRY_LIVE=1，且勿与主 bot 同币种同跑）
Traceback (most recent call last):
  File "/root/projects/trx_bot/carry_executor.py", line 265, in <module>
    print(json.dumps(run_once(), indent=2, ensure_ascii=False, default=str))
                     ^^^^^^^^^^
  File "/root/projects/trx_bot/carry_executor.py", line 233, in run_once
    return CarryExecutor(live=live).scan_and_act()
           ^^^^^^^^^^^^^^^^^^^^^^^^^^^^^^^^^^^^^^^
  File "/root/projects/trx_bot/carry_executor.py", line 88, in scan_and_act
    fr = fetch_funding_rate(symbol)
         ^^^^^^^^^^^^^^^^^^
NameError: name 'fetch_funding_rate' is not defined
2026-06-21 00:00:13,087 [carry] INFO: carry_executor 模式: 🟢 DRY-RUN（不下单）（实盘需 CARRY_LIVE=1，且勿与主 bot 同币种同跑）
Traceback (most recent call last):
  File "/root/projects/trx_bot/carry_executor.py", line 265, in <module>
    print(json.dumps(run_once(), indent=2, ensure_ascii=False, default=str))
                     ^^^^^^^^^^
  File "/root/projects/trx_bot/carry_executor.py", line 233, in run_once
    return CarryExecutor(live=live).scan_and_act()
           ^^^^^^^^^^^^^^^^^^^^^^^^^^^^^^^^^^^^^^^
  File "/root/projects/trx_bot/carry_executor.py", line 88, in scan_and_act
    fr = fetch_funding_rate(symbol)
         ^^^^^^^^^^^^^^^^^^
NameError: name 'fetch_funding_rate' is not defined
2026-06-21 01:00:10,535 [carry] INFO: carry_executor 模式: 🟢 DRY-RUN（不下单）（实盘需 CARRY_LIVE=1，且勿与主 bot 同币种同跑）
Traceback (most recent call last):
  File "/root/projects/trx_bot/carry_executor.py", line 265, in <module>
    print(json.dumps(run_once(), indent=2, ensure_ascii=False, default=str))
                     ^^^^^^^^^^
  File "/root/projects/trx_bot/carry_executor.py", line 233, in run_once
    return CarryExecutor(live=live).scan_and_act()
           ^^^^^^^^^^^^^^^^^^^^^^^^^^^^^^^^^^^^^^^
  File "/root/projects/trx_bot/carry_executor.py", line 88, in scan_and_act
    fr = fetch_funding_rate(symbol)
         ^^^^^^^^^^^^^^^^^^
NameError: name 'fetch_funding_rate' is not defined
2026-06-21 02:00:09,875 [carry] INFO: carry_executor 模式: 🟢 DRY-RUN（不下单）（实盘需 CARRY_LIVE=1，且勿与主 bot 同币种同跑）
Traceback (most recent call last):
  File "/root/projects/trx_bot/carry_executor.py", line 265, in <module>
    print(json.dumps(run_once(), indent=2, ensure_ascii=False, default=str))
                     ^^^^^^^^^^
  File "/root/projects/trx_bot/carry_executor.py", line 233, in run_once
    return CarryExecutor(live=live).scan_and_act()
           ^^^^^^^^^^^^^^^^^^^^^^^^^^^^^^^^^^^^^^^
  File "/root/projects/trx_bot/carry_executor.py", line 88, in scan_and_act
    fr = fetch_funding_rate(symbol)
         ^^^^^^^^^^^^^^^^^^
NameError: name 'fetch_funding_rate' is not defined
2026-06-21 03:00:06,188 [carry] INFO: carry_executor 模式: 🟢 DRY-RUN（不下单）（实盘需 CARRY_LIVE=1，且勿与主 bot 同币种同跑）
Traceback (most recent call last):
  File "/root/projects/trx_bot/carry_executor.py", line 265, in <module>
    print(json.dumps(run_once(), indent=2, ensure_ascii=False, default=str))
                     ^^^^^^^^^^
  File "/root/projects/trx_bot/carry_executor.py", line 233, in run_once
    return CarryExecutor(live=live).scan_and_act()
           ^^^^^^^^^^^^^^^^^^^^^^^^^^^^^^^^^^^^^^^
  File "/root/projects/trx_bot/carry_executor.py", line 88, in scan_and_act
    fr = fetch_funding_rate(symbol)
         ^^^^^^^^^^^^^^^^^^
NameError: name 'fetch_funding_rate' is not defined
2026-06-21 04:00:12,028 [carry] INFO: carry_executor 模式: 🟢 DRY-RUN（不下单）（实盘需 CARRY_LIVE=1，且勿与主 bot 同币种同跑）
Traceback (most recent call last):
  File "/root/projects/trx_bot/carry_executor.py", line 265, in <module>
    print(json.dumps(run_once(), indent=2, ensure_ascii=False, default=str))
                     ^^^^^^^^^^
  File "/root/projects/trx_bot/carry_executor.py", line 233, in run_once
    return CarryExecutor(live=live).scan_and_act()
           ^^^^^^^^^^^^^^^^^^^^^^^^^^^^^^^^^^^^^^^
  File "/root/projects/trx_bot/carry_executor.py", line 88, in scan_and_act
    fr = fetch_funding_rate(symbol)
         ^^^^^^^^^^^^^^^^^^
NameError: name 'fetch_funding_rate' is not defined
2026-06-21 05:00:05,987 [carry] INFO: carry_executor 模式: 🟢 DRY-RUN（不下单）（实盘需 CARRY_LIVE=1，且勿与主 bot 同币种同跑）
Traceback (most recent call last):
  File "/root/projects/trx_bot/carry_executor.py", line 265, in <module>
    print(json.dumps(run_once(), indent=2, ensure_ascii=False, default=str))
                     ^^^^^^^^^^
  File "/root/projects/trx_bot/carry_executor.py", line 233, in run_once
    return CarryExecutor(live=live).scan_and_act()
           ^^^^^^^^^^^^^^^^^^^^^^^^^^^^^^^^^^^^^^^
  File "/root/projects/trx_bot/carry_executor.py", line 88, in scan_and_act
    fr = fetch_funding_rate(symbol)
         ^^^^^^^^^^^^^^^^^^
NameError: name 'fetch_funding_rate' is not defined
2026-06-21 06:00:09,783 [carry] INFO: carry_executor 模式: 🟢 DRY-RUN（不下单）（实盘需 CARRY_LIVE=1，且勿与主 bot 同币种同跑）
Traceback (most recent call last):
  File "/root/projects/trx_bot/carry_executor.py", line 265, in <module>
    print(json.dumps(run_once(), indent=2, ensure_ascii=False, default=str))
                     ^^^^^^^^^^
  File "/root/projects/trx_bot/carry_executor.py", line 233, in run_once
    return CarryExecutor(live=live).scan_and_act()
           ^^^^^^^^^^^^^^^^^^^^^^^^^^^^^^^^^^^^^^^
  File "/root/projects/trx_bot/carry_executor.py", line 88, in scan_and_act
    fr = fetch_funding_rate(symbol)
         ^^^^^^^^^^^^^^^^^^
NameError: name 'fetch_funding_rate' is not defined
2026-06-21 07:00:09,253 [carry] INFO: carry_executor 模式: 🟢 DRY-RUN（不下单）（实盘需 CARRY_LIVE=1，且勿与主 bot 同币种同跑）
Traceback (most recent call last):
  File "/root/projects/trx_bot/carry_executor.py", line 265, in <module>
    print(json.dumps(run_once(), indent=2, ensure_ascii=False, default=str))
                     ^^^^^^^^^^
  File "/root/projects/trx_bot/carry_executor.py", line 233, in run_once
    return CarryExecutor(live=live).scan_and_act()
           ^^^^^^^^^^^^^^^^^^^^^^^^^^^^^^^^^^^^^^^
  File "/root/projects/trx_bot/carry_executor.py", line 88, in scan_and_act
    fr = fetch_funding_rate(symbol)
         ^^^^^^^^^^^^^^^^^^
NameError: name 'fetch_funding_rate' is not defined
2026-06-21 08:00:11,939 [carry] INFO: carry_executor 模式: 🟢 DRY-RUN（不下单）（实盘需 CARRY_LIVE=1，且勿与主 bot 同币种同跑）
Traceback (most recent call last):
  File "/root/projects/trx_bot/carry_executor.py", line 265, in <module>
    print(json.dumps(run_once(), indent=2, ensure_ascii=False, default=str))
                     ^^^^^^^^^^
  File "/root/projects/trx_bot/carry_executor.py", line 233, in run_once
    return CarryExecutor(live=live).scan_and_act()
           ^^^^^^^^^^^^^^^^^^^^^^^^^^^^^^^^^^^^^^^
  File "/root/projects/trx_bot/carry_executor.py", line 88, in scan_and_act
    fr = fetch_funding_rate(symbol)
         ^^^^^^^^^^^^^^^^^^
NameError: name 'fetch_funding_rate' is not defined
2026-06-21 09:00:11,240 [carry] INFO: carry_executor 模式: 🟢 DRY-RUN（不下单）（实盘需 CARRY_LIVE=1，且勿与主 bot 同币种同跑）
Traceback (most recent call last):
  File "/root/projects/trx_bot/carry_executor.py", line 265, in <module>
    print(json.dumps(run_once(), indent=2, ensure_ascii=False, default=str))
                     ^^^^^^^^^^
  File "/root/projects/trx_bot/carry_executor.py", line 233, in run_once
    return CarryExecutor(live=live).scan_and_act()
           ^^^^^^^^^^^^^^^^^^^^^^^^^^^^^^^^^^^^^^^
  File "/root/projects/trx_bot/carry_executor.py", line 88, in scan_and_act
    fr = fetch_funding_rate(symbol)
         ^^^^^^^^^^^^^^^^^^
NameError: name 'fetch_funding_rate' is not defined
2026-06-21 10:00:05,526 [carry] INFO: carry_executor 模式: 🟢 DRY-RUN（不下单）（实盘需 CARRY_LIVE=1，且勿与主 bot 同币种同跑）
Traceback (most recent call last):
  File "/root/projects/trx_bot/carry_executor.py", line 265, in <module>
    print(json.dumps(run_once(), indent=2, ensure_ascii=False, default=str))
                     ^^^^^^^^^^
  File "/root/projects/trx_bot/carry_executor.py", line 233, in run_once
    return CarryExecutor(live=live).scan_and_act()
           ^^^^^^^^^^^^^^^^^^^^^^^^^^^^^^^^^^^^^^^
  File "/root/projects/trx_bot/carry_executor.py", line 88, in scan_and_act
    fr = fetch_funding_rate(symbol)
         ^^^^^^^^^^^^^^^^^^
NameError: name 'fetch_funding_rate' is not defined
2026-06-21 11:00:07,844 [carry] INFO: carry_executor 模式: 🟢 DRY-RUN（不下单）（实盘需 CARRY_LIVE=1，且勿与主 bot 同币种同跑）
Traceback (most recent call last):
  File "/root/projects/trx_bot/carry_executor.py", line 265, in <module>
    print(json.dumps(run_once(), indent=2, ensure_ascii=False, default=str))
                     ^^^^^^^^^^
  File "/root/projects/trx_bot/carry_executor.py", line 233, in run_once
    return CarryExecutor(live=live).scan_and_act()
           ^^^^^^^^^^^^^^^^^^^^^^^^^^^^^^^^^^^^^^^
  File "/root/projects/trx_bot/carry_executor.py", line 88, in scan_and_act
    fr = fetch_funding_rate(symbol)
         ^^^^^^^^^^^^^^^^^^
NameError: name 'fetch_funding_rate' is not defined
2026-06-21 12:00:07,819 [carry] INFO: carry_executor 模式: 🟢 DRY-RUN（不下单）（实盘需 CARRY_LIVE=1，且勿与主 bot 同币种同跑）
Traceback (most recent call last):
  File "/root/projects/trx_bot/carry_executor.py", line 265, in <module>
    print(json.dumps(run_once(), indent=2, ensure_ascii=False, default=str))
                     ^^^^^^^^^^
  File "/root/projects/trx_bot/carry_executor.py", line 233, in run_once
    return CarryExecutor(live=live).scan_and_act()
           ^^^^^^^^^^^^^^^^^^^^^^^^^^^^^^^^^^^^^^^
  File "/root/projects/trx_bot/carry_executor.py", line 88, in scan_and_act
    fr = fetch_funding_rate(symbol)
         ^^^^^^^^^^^^^^^^^^
NameError: name 'fetch_funding_rate' is not defined
2026-06-21 13:00:10,456 [carry] INFO: carry_executor 模式: 🟢 DRY-RUN（不下单）（实盘需 CARRY_LIVE=1，且勿与主 bot 同币种同跑）
Traceback (most recent call last):
  File "/root/projects/trx_bot/carry_executor.py", line 265, in <module>
    print(json.dumps(run_once(), indent=2, ensure_ascii=False, default=str))
                     ^^^^^^^^^^
  File "/root/projects/trx_bot/carry_executor.py", line 233, in run_once
    return CarryExecutor(live=live).scan_and_act()
           ^^^^^^^^^^^^^^^^^^^^^^^^^^^^^^^^^^^^^^^
  File "/root/projects/trx_bot/carry_executor.py", line 88, in scan_and_act
    fr = fetch_funding_rate(symbol)
         ^^^^^^^^^^^^^^^^^^
NameError: name 'fetch_funding_rate' is not defined
2026-06-21 14:00:07,604 [carry] INFO: carry_executor 模式: 🟢 DRY-RUN（不下单）（实盘需 CARRY_LIVE=1，且勿与主 bot 同币种同跑）
Traceback (most recent call last):
  File "/root/projects/trx_bot/carry_executor.py", line 265, in <module>
    print(json.dumps(run_once(), indent=2, ensure_ascii=False, default=str))
                     ^^^^^^^^^^
  File "/root/projects/trx_bot/carry_executor.py", line 233, in run_once
    return CarryExecutor(live=live).scan_and_act()
           ^^^^^^^^^^^^^^^^^^^^^^^^^^^^^^^^^^^^^^^
  File "/root/projects/trx_bot/carry_executor.py", line 88, in scan_and_act
    fr = fetch_funding_rate(symbol)
         ^^^^^^^^^^^^^^^^^^
NameError: name 'fetch_funding_rate' is not defined
2026-06-21 15:00:11,558 [carry] INFO: carry_executor 模式: 🟢 DRY-RUN（不下单）（实盘需 CARRY_LIVE=1，且勿与主 bot 同币种同跑）
Traceback (most recent call last):
  File "/root/projects/trx_bot/carry_executor.py", line 265, in <module>
    print(json.dumps(run_once(), indent=2, ensure_ascii=False, default=str))
                     ^^^^^^^^^^
  File "/root/projects/trx_bot/carry_executor.py", line 233, in run_once
    return CarryExecutor(live=live).scan_and_act()
           ^^^^^^^^^^^^^^^^^^^^^^^^^^^^^^^^^^^^^^^
  File "/root/projects/trx_bot/carry_executor.py", line 88, in scan_and_act
    fr = fetch_funding_rate(symbol)
         ^^^^^^^^^^^^^^^^^^
NameError: name 'fetch_funding_rate' is not defined
2026-06-21 16:00:07,112 [carry] INFO: carry_executor 模式: 🟢 DRY-RUN（不下单）（实盘需 CARRY_LIVE=1，且勿与主 bot 同币种同跑）
Traceback (most recent call last):
  File "/root/projects/trx_bot/carry_executor.py", line 265, in <module>
    print(json.dumps(run_once(), indent=2, ensure_ascii=False, default=str))
                     ^^^^^^^^^^
  File "/root/projects/trx_bot/carry_executor.py", line 233, in run_once
    return CarryExecutor(live=live).scan_and_act()
           ^^^^^^^^^^^^^^^^^^^^^^^^^^^^^^^^^^^^^^^
  File "/root/projects/trx_bot/carry_executor.py", line 88, in scan_and_act
    fr = fetch_funding_rate(symbol)
         ^^^^^^^^^^^^^^^^^^
NameError: name 'fetch_funding_rate' is not defined
2026-06-21 17:00:08,450 [carry] INFO: carry_executor 模式: 🟢 DRY-RUN（不下单）（实盘需 CARRY_LIVE=1，且勿与主 bot 同币种同跑）
Traceback (most recent call last):
  File "/root/projects/trx_bot/carry_executor.py", line 265, in <module>
    print(json.dumps(run_once(), indent=2, ensure_ascii=False, default=str))
                     ^^^^^^^^^^
  File "/root/projects/trx_bot/carry_executor.py", line 233, in run_once
    return CarryExecutor(live=live).scan_and_act()
           ^^^^^^^^^^^^^^^^^^^^^^^^^^^^^^^^^^^^^^^
  File "/root/projects/trx_bot/carry_executor.py", line 88, in scan_and_act
    fr = fetch_funding_rate(symbol)
         ^^^^^^^^^^^^^^^^^^
NameError: name 'fetch_funding_rate' is not defined
2026-06-21 18:00:10,270 [carry] INFO: carry_executor 模式: 🟢 DRY-RUN（不下单）（实盘需 CARRY_LIVE=1，且勿与主 bot 同币种同跑）
Traceback (most recent call last):
  File "/root/projects/trx_bot/carry_executor.py", line 265, in <module>
    print(json.dumps(run_once(), indent=2, ensure_ascii=False, default=str))
                     ^^^^^^^^^^
  File "/root/projects/trx_bot/carry_executor.py", line 233, in run_once
    return CarryExecutor(live=live).scan_and_act()
           ^^^^^^^^^^^^^^^^^^^^^^^^^^^^^^^^^^^^^^^
  File "/root/projects/trx_bot/carry_executor.py", line 88, in scan_and_act
    fr = fetch_funding_rate(symbol)
         ^^^^^^^^^^^^^^^^^^
NameError: name 'fetch_funding_rate' is not defined
2026-06-21 19:00:08,003 [carry] INFO: carry_executor 模式: 🟢 DRY-RUN（不下单）（实盘需 CARRY_LIVE=1，且勿与主 bot 同币种同跑）
Traceback (most recent call last):
  File "/root/projects/trx_bot/carry_executor.py", line 265, in <module>
    print(json.dumps(run_once(), indent=2, ensure_ascii=False, default=str))
                     ^^^^^^^^^^
  File "/root/projects/trx_bot/carry_executor.py", line 233, in run_once
    return CarryExecutor(live=live).scan_and_act()
           ^^^^^^^^^^^^^^^^^^^^^^^^^^^^^^^^^^^^^^^
  File "/root/projects/trx_bot/carry_executor.py", line 88, in scan_and_act
    fr = fetch_funding_rate(symbol)
         ^^^^^^^^^^^^^^^^^^
NameError: name 'fetch_funding_rate' is not defined
2026-06-21 20:00:07,530 [carry] INFO: carry_executor 模式: 🟢 DRY-RUN（不下单）（实盘需 CARRY_LIVE=1，且勿与主 bot 同币种同跑）
Traceback (most recent call last):
  File "/root/projects/trx_bot/carry_executor.py", line 265, in <module>
    print(json.dumps(run_once(), indent=2, ensure_ascii=False, default=str))
                     ^^^^^^^^^^
  File "/root/projects/trx_bot/carry_executor.py", line 233, in run_once
    return CarryExecutor(live=live).scan_and_act()
           ^^^^^^^^^^^^^^^^^^^^^^^^^^^^^^^^^^^^^^^
  File "/root/projects/trx_bot/carry_executor.py", line 88, in scan_and_act
    fr = fetch_funding_rate(symbol)
         ^^^^^^^^^^^^^^^^^^
NameError: name 'fetch_funding_rate' is not defined
2026-06-21 21:00:04,029 [carry] INFO: carry_executor 模式: 🟢 DRY-RUN（不下单）（实盘需 CARRY_LIVE=1，且勿与主 bot 同币种同跑）
Traceback (most recent call last):
  File "/root/projects/trx_bot/carry_executor.py", line 265, in <module>
    print(json.dumps(run_once(), indent=2, ensure_ascii=False, default=str))
                     ^^^^^^^^^^
  File "/root/projects/trx_bot/carry_executor.py", line 233, in run_once
    return CarryExecutor(live=live).scan_and_act()
           ^^^^^^^^^^^^^^^^^^^^^^^^^^^^^^^^^^^^^^^
  File "/root/projects/trx_bot/carry_executor.py", line 88, in scan_and_act
    fr = fetch_funding_rate(symbol)
         ^^^^^^^^^^^^^^^^^^
NameError: name 'fetch_funding_rate' is not defined
2026-06-21 22:00:03,517 [carry] INFO: carry_executor 模式: 🟢 DRY-RUN（不下单）（实盘需 CARRY_LIVE=1，且勿与主 bot 同币种同跑）
Traceback (most recent call last):
  File "/root/projects/trx_bot/carry_executor.py", line 265, in <module>
    print(json.dumps(run_once(), indent=2, ensure_ascii=False, default=str))
                     ^^^^^^^^^^
  File "/root/projects/trx_bot/carry_executor.py", line 233, in run_once
    return CarryExecutor(live=live).scan_and_act()
           ^^^^^^^^^^^^^^^^^^^^^^^^^^^^^^^^^^^^^^^
  File "/root/projects/trx_bot/carry_executor.py", line 88, in scan_and_act
    fr = fetch_funding_rate(symbol)
         ^^^^^^^^^^^^^^^^^^
NameError: name 'fetch_funding_rate' is not defined
2026-06-21 23:00:04,506 [carry] INFO: carry_executor 模式: 🟢 DRY-RUN（不下单）（实盘需 CARRY_LIVE=1，且勿与主 bot 同币种同跑）
Traceback (most recent call last):
  File "/root/projects/trx_bot/carry_executor.py", line 265, in <module>
    print(json.dumps(run_once(), indent=2, ensure_ascii=False, default=str))
                     ^^^^^^^^^^
  File "/root/projects/trx_bot/carry_executor.py", line 233, in run_once
    return CarryExecutor(live=live).scan_and_act()
           ^^^^^^^^^^^^^^^^^^^^^^^^^^^^^^^^^^^^^^^
  File "/root/projects/trx_bot/carry_executor.py", line 88, in scan_and_act
    fr = fetch_funding_rate(symbol)
         ^^^^^^^^^^^^^^^^^^
NameError: name 'fetch_funding_rate' is not defined
2026-06-22 00:00:06,124 [carry] INFO: carry_executor 模式: 🟢 DRY-RUN（不下单）（实盘需 CARRY_LIVE=1，且勿与主 bot 同币种同跑）
Traceback (most recent call last):
  File "/root/projects/trx_bot/carry_executor.py", line 265, in <module>
    print(json.dumps(run_once(), indent=2, ensure_ascii=False, default=str))
                     ^^^^^^^^^^
  File "/root/projects/trx_bot/carry_executor.py", line 233, in run_once
    return CarryExecutor(live=live).scan_and_act()
           ^^^^^^^^^^^^^^^^^^^^^^^^^^^^^^^^^^^^^^^
  File "/root/projects/trx_bot/carry_executor.py", line 88, in scan_and_act
    fr = fetch_funding_rate(symbol)
         ^^^^^^^^^^^^^^^^^^
NameError: name 'fetch_funding_rate' is not defined
2026-06-22 01:00:05,695 [carry] INFO: carry_executor 模式: 🟢 DRY-RUN（不下单）（实盘需 CARRY_LIVE=1，且勿与主 bot 同币种同跑）
Traceback (most recent call last):
  File "/root/projects/trx_bot/carry_executor.py", line 265, in <module>
    print(json.dumps(run_once(), indent=2, ensure_ascii=False, default=str))
                     ^^^^^^^^^^
  File "/root/projects/trx_bot/carry_executor.py", line 233, in run_once
    return CarryExecutor(live=live).scan_and_act()
           ^^^^^^^^^^^^^^^^^^^^^^^^^^^^^^^^^^^^^^^
  File "/root/projects/trx_bot/carry_executor.py", line 88, in scan_and_act
    fr = fetch_funding_rate(symbol)
         ^^^^^^^^^^^^^^^^^^
NameError: name 'fetch_funding_rate' is not defined
2026-06-22 02:00:05,000 [carry] INFO: carry_executor 模式: 🟢 DRY-RUN（不下单）（实盘需 CARRY_LIVE=1，且勿与主 bot 同币种同跑）
Traceback (most recent call last):
  File "/root/projects/trx_bot/carry_executor.py", line 265, in <module>
    print(json.dumps(run_once(), indent=2, ensure_ascii=False, default=str))
                     ^^^^^^^^^^
  File "/root/projects/trx_bot/carry_executor.py", line 233, in run_once
    return CarryExecutor(live=live).scan_and_act()
           ^^^^^^^^^^^^^^^^^^^^^^^^^^^^^^^^^^^^^^^
  File "/root/projects/trx_bot/carry_executor.py", line 88, in scan_and_act
    fr = fetch_funding_rate(symbol)
         ^^^^^^^^^^^^^^^^^^
NameError: name 'fetch_funding_rate' is not defined
2026-06-22 03:00:05,070 [carry] INFO: carry_executor 模式: 🟢 DRY-RUN（不下单）（实盘需 CARRY_LIVE=1，且勿与主 bot 同币种同跑）
Traceback (most recent call last):
  File "/root/projects/trx_bot/carry_executor.py", line 265, in <module>
    print(json.dumps(run_once(), indent=2, ensure_ascii=False, default=str))
                     ^^^^^^^^^^
  File "/root/projects/trx_bot/carry_executor.py", line 233, in run_once
    return CarryExecutor(live=live).scan_and_act()
           ^^^^^^^^^^^^^^^^^^^^^^^^^^^^^^^^^^^^^^^
  File "/root/projects/trx_bot/carry_executor.py", line 88, in scan_and_act
    fr = fetch_funding_rate(symbol)
         ^^^^^^^^^^^^^^^^^^
NameError: name 'fetch_funding_rate' is not defined
2026-06-22 04:00:04,389 [carry] INFO: carry_executor 模式: 🟢 DRY-RUN（不下单）（实盘需 CARRY_LIVE=1，且勿与主 bot 同币种同跑）
Traceback (most recent call last):
  File "/root/projects/trx_bot/carry_executor.py", line 265, in <module>
    print(json.dumps(run_once(), indent=2, ensure_ascii=False, default=str))
                     ^^^^^^^^^^
  File "/root/projects/trx_bot/carry_executor.py", line 233, in run_once
    return CarryExecutor(live=live).scan_and_act()
           ^^^^^^^^^^^^^^^^^^^^^^^^^^^^^^^^^^^^^^^
  File "/root/projects/trx_bot/carry_executor.py", line 88, in scan_and_act
    fr = fetch_funding_rate(symbol)
         ^^^^^^^^^^^^^^^^^^
NameError: name 'fetch_funding_rate' is not defined
2026-06-22 05:00:03,986 [carry] INFO: carry_executor 模式: 🟢 DRY-RUN（不下单）（实盘需 CARRY_LIVE=1，且勿与主 bot 同币种同跑）
Traceback (most recent call last):
  File "/root/projects/trx_bot/carry_executor.py", line 265, in <module>
    print(json.dumps(run_once(), indent=2, ensure_ascii=False, default=str))
                     ^^^^^^^^^^
  File "/root/projects/trx_bot/carry_executor.py", line 233, in run_once
    return CarryExecutor(live=live).scan_and_act()
           ^^^^^^^^^^^^^^^^^^^^^^^^^^^^^^^^^^^^^^^
  File "/root/projects/trx_bot/carry_executor.py", line 88, in scan_and_act
    fr = fetch_funding_rate(symbol)
         ^^^^^^^^^^^^^^^^^^
NameError: name 'fetch_funding_rate' is not defined
2026-06-22 06:00:03,628 [carry] INFO: carry_executor 模式: 🟢 DRY-RUN（不下单）（实盘需 CARRY_LIVE=1，且勿与主 bot 同币种同跑）
Traceback (most recent call last):
  File "/root/projects/trx_bot/carry_executor.py", line 265, in <module>
    print(json.dumps(run_once(), indent=2, ensure_ascii=False, default=str))
                     ^^^^^^^^^^
  File "/root/projects/trx_bot/carry_executor.py", line 233, in run_once
    return CarryExecutor(live=live).scan_and_act()
           ^^^^^^^^^^^^^^^^^^^^^^^^^^^^^^^^^^^^^^^
  File "/root/projects/trx_bot/carry_executor.py", line 88, in scan_and_act
    fr = fetch_funding_rate(symbol)
         ^^^^^^^^^^^^^^^^^^
NameError: name 'fetch_funding_rate' is not defined
2026-06-22 07:00:03,562 [carry] INFO: carry_executor 模式: 🟢 DRY-RUN（不下单）（实盘需 CARRY_LIVE=1，且勿与主 bot 同币种同跑）
Traceback (most recent call last):
  File "/root/projects/trx_bot/carry_executor.py", line 265, in <module>
    print(json.dumps(run_once(), indent=2, ensure_ascii=False, default=str))
                     ^^^^^^^^^^
  File "/root/projects/trx_bot/carry_executor.py", line 233, in run_once
    return CarryExecutor(live=live).scan_and_act()
           ^^^^^^^^^^^^^^^^^^^^^^^^^^^^^^^^^^^^^^^
  File "/root/projects/trx_bot/carry_executor.py", line 88, in scan_and_act
    fr = fetch_funding_rate(symbol)
         ^^^^^^^^^^^^^^^^^^
NameError: name 'fetch_funding_rate' is not defined
2026-06-22 08:00:04,236 [carry] INFO: carry_executor 模式: 🟢 DRY-RUN（不下单）（实盘需 CARRY_LIVE=1，且勿与主 bot 同币种同跑）
Traceback (most recent call last):
  File "/root/projects/trx_bot/carry_executor.py", line 265, in <module>
    print(json.dumps(run_once(), indent=2, ensure_ascii=False, default=str))
                     ^^^^^^^^^^
  File "/root/projects/trx_bot/carry_executor.py", line 233, in run_once
    return CarryExecutor(live=live).scan_and_act()
           ^^^^^^^^^^^^^^^^^^^^^^^^^^^^^^^^^^^^^^^
  File "/root/projects/trx_bot/carry_executor.py", line 88, in scan_and_act
    fr = fetch_funding_rate(symbol)
         ^^^^^^^^^^^^^^^^^^
NameError: name 'fetch_funding_rate' is not defined
2026-06-22 09:00:03,290 [carry] INFO: carry_executor 模式: 🟢 DRY-RUN（不下单）（实盘需 CARRY_LIVE=1，且勿与主 bot 同币种同跑）
Traceback (most recent call last):
  File "/root/projects/trx_bot/carry_executor.py", line 265, in <module>
    print(json.dumps(run_once(), indent=2, ensure_ascii=False, default=str))
                     ^^^^^^^^^^
  File "/root/projects/trx_bot/carry_executor.py", line 233, in run_once
    return CarryExecutor(live=live).scan_and_act()
           ^^^^^^^^^^^^^^^^^^^^^^^^^^^^^^^^^^^^^^^
  File "/root/projects/trx_bot/carry_executor.py", line 88, in scan_and_act
    fr = fetch_funding_rate(symbol)
         ^^^^^^^^^^^^^^^^^^
NameError: name 'fetch_funding_rate' is not defined
2026-06-22 10:00:04,874 [carry] INFO: carry_executor 模式: 🟢 DRY-RUN（不下单）（实盘需 CARRY_LIVE=1，且勿与主 bot 同币种同跑）
Traceback (most recent call last):
  File "/root/projects/trx_bot/carry_executor.py", line 265, in <module>
    print(json.dumps(run_once(), indent=2, ensure_ascii=False, default=str))
                     ^^^^^^^^^^
  File "/root/projects/trx_bot/carry_executor.py", line 233, in run_once
    return CarryExecutor(live=live).scan_and_act()
           ^^^^^^^^^^^^^^^^^^^^^^^^^^^^^^^^^^^^^^^
  File "/root/projects/trx_bot/carry_executor.py", line 88, in scan_and_act
    fr = fetch_funding_rate(symbol)
         ^^^^^^^^^^^^^^^^^^
NameError: name 'fetch_funding_rate' is not defined
2026-06-22 11:00:02,931 [carry] INFO: carry_executor 模式: 🟢 DRY-RUN（不下单）（实盘需 CARRY_LIVE=1，且勿与主 bot 同币种同跑）
Traceback (most recent call last):
  File "/root/projects/trx_bot/carry_executor.py", line 265, in <module>
    print(json.dumps(run_once(), indent=2, ensure_ascii=False, default=str))
                     ^^^^^^^^^^
  File "/root/projects/trx_bot/carry_executor.py", line 233, in run_once
    return CarryExecutor(live=live).scan_and_act()
           ^^^^^^^^^^^^^^^^^^^^^^^^^^^^^^^^^^^^^^^
  File "/root/projects/trx_bot/carry_executor.py", line 88, in scan_and_act
    fr = fetch_funding_rate(symbol)
         ^^^^^^^^^^^^^^^^^^
NameError: name 'fetch_funding_rate' is not defined
2026-06-22 12:00:03,701 [carry] INFO: carry_executor 模式: 🟢 DRY-RUN（不下单）（实盘需 CARRY_LIVE=1，且勿与主 bot 同币种同跑）
Traceback (most recent call last):
  File "/root/projects/trx_bot/carry_executor.py", line 265, in <module>
    print(json.dumps(run_once(), indent=2, ensure_ascii=False, default=str))
                     ^^^^^^^^^^
  File "/root/projects/trx_bot/carry_executor.py", line 233, in run_once
    return CarryExecutor(live=live).scan_and_act()
           ^^^^^^^^^^^^^^^^^^^^^^^^^^^^^^^^^^^^^^^
  File "/root/projects/trx_bot/carry_executor.py", line 88, in scan_and_act
    fr = fetch_funding_rate(symbol)
         ^^^^^^^^^^^^^^^^^^
NameError: name 'fetch_funding_rate' is not defined
2026-06-22 13:00:02,431 [carry] INFO: carry_executor 模式: 🟢 DRY-RUN（不下单）（实盘需 CARRY_LIVE=1，且勿与主 bot 同币种同跑）
Traceback (most recent call last):
  File "/root/projects/trx_bot/carry_executor.py", line 265, in <module>
    print(json.dumps(run_once(), indent=2, ensure_ascii=False, default=str))
                     ^^^^^^^^^^
  File "/root/projects/trx_bot/carry_executor.py", line 233, in run_once
    return CarryExecutor(live=live).scan_and_act()
           ^^^^^^^^^^^^^^^^^^^^^^^^^^^^^^^^^^^^^^^
  File "/root/projects/trx_bot/carry_executor.py", line 88, in scan_and_act
    fr = fetch_funding_rate(symbol)
         ^^^^^^^^^^^^^^^^^^
NameError: name 'fetch_funding_rate' is not defined
2026-06-22 14:00:04,519 [carry] INFO: carry_executor 模式: 🟢 DRY-RUN（不下单）（实盘需 CARRY_LIVE=1，且勿与主 bot 同币种同跑）
Traceback (most recent call last):
  File "/root/projects/trx_bot/carry_executor.py", line 265, in <module>
    print(json.dumps(run_once(), indent=2, ensure_ascii=False, default=str))
                     ^^^^^^^^^^
  File "/root/projects/trx_bot/carry_executor.py", line 233, in run_once
    return CarryExecutor(live=live).scan_and_act()
           ^^^^^^^^^^^^^^^^^^^^^^^^^^^^^^^^^^^^^^^
  File "/root/projects/trx_bot/carry_executor.py", line 88, in scan_and_act
    fr = fetch_funding_rate(symbol)
         ^^^^^^^^^^^^^^^^^^
NameError: name 'fetch_funding_rate' is not defined
2026-06-22 15:00:05,544 [carry] INFO: carry_executor 模式: 🟢 DRY-RUN（不下单）（实盘需 CARRY_LIVE=1，且勿与主 bot 同币种同跑）
Traceback (most recent call last):
  File "/root/projects/trx_bot/carry_executor.py", line 265, in <module>
    print(json.dumps(run_once(), indent=2, ensure_ascii=False, default=str))
                     ^^^^^^^^^^
  File "/root/projects/trx_bot/carry_executor.py", line 233, in run_once
    return CarryExecutor(live=live).scan_and_act()
           ^^^^^^^^^^^^^^^^^^^^^^^^^^^^^^^^^^^^^^^
  File "/root/projects/trx_bot/carry_executor.py", line 88, in scan_and_act
    fr = fetch_funding_rate(symbol)
         ^^^^^^^^^^^^^^^^^^
NameError: name 'fetch_funding_rate' is not defined
2026-06-22 16:00:03,160 [carry] INFO: carry_executor 模式: 🟢 DRY-RUN（不下单）（实盘需 CARRY_LIVE=1，且勿与主 bot 同币种同跑）
Traceback (most recent call last):
  File "/root/projects/trx_bot/carry_executor.py", line 265, in <module>
    print(json.dumps(run_once(), indent=2, ensure_ascii=False, default=str))
                     ^^^^^^^^^^
  File "/root/projects/trx_bot/carry_executor.py", line 233, in run_once
    return CarryExecutor(live=live).scan_and_act()
           ^^^^^^^^^^^^^^^^^^^^^^^^^^^^^^^^^^^^^^^
  File "/root/projects/trx_bot/carry_executor.py", line 88, in scan_and_act
    fr = fetch_funding_rate(symbol)
         ^^^^^^^^^^^^^^^^^^
NameError: name 'fetch_funding_rate' is not defined
2026-06-22 17:00:03,308 [carry] INFO: carry_executor 模式: 🟢 DRY-RUN（不下单）（实盘需 CARRY_LIVE=1，且勿与主 bot 同币种同跑）
Traceback (most recent call last):
  File "/root/projects/trx_bot/carry_executor.py", line 265, in <module>
    print(json.dumps(run_once(), indent=2, ensure_ascii=False, default=str))
                     ^^^^^^^^^^
  File "/root/projects/trx_bot/carry_executor.py", line 233, in run_once
    return CarryExecutor(live=live).scan_and_act()
           ^^^^^^^^^^^^^^^^^^^^^^^^^^^^^^^^^^^^^^^
  File "/root/projects/trx_bot/carry_executor.py", line 88, in scan_and_act
    fr = fetch_funding_rate(symbol)
         ^^^^^^^^^^^^^^^^^^
NameError: name 'fetch_funding_rate' is not defined
2026-06-22 18:00:04,242 [carry] INFO: carry_executor 模式: 🟢 DRY-RUN（不下单）（实盘需 CARRY_LIVE=1，且勿与主 bot 同币种同跑）
Traceback (most recent call last):
  File "/root/projects/trx_bot/carry_executor.py", line 265, in <module>
    print(json.dumps(run_once(), indent=2, ensure_ascii=False, default=str))
                     ^^^^^^^^^^
  File "/root/projects/trx_bot/carry_executor.py", line 233, in run_once
    return CarryExecutor(live=live).scan_and_act()
           ^^^^^^^^^^^^^^^^^^^^^^^^^^^^^^^^^^^^^^^
  File "/root/projects/trx_bot/carry_executor.py", line 88, in scan_and_act
    fr = fetch_funding_rate(symbol)
         ^^^^^^^^^^^^^^^^^^
NameError: name 'fetch_funding_rate' is not defined
2026-06-22 19:00:03,767 [carry] INFO: carry_executor 模式: 🟢 DRY-RUN（不下单）（实盘需 CARRY_LIVE=1，且勿与主 bot 同币种同跑）
Traceback (most recent call last):
  File "/root/projects/trx_bot/carry_executor.py", line 265, in <module>
    print(json.dumps(run_once(), indent=2, ensure_ascii=False, default=str))
                     ^^^^^^^^^^
  File "/root/projects/trx_bot/carry_executor.py", line 233, in run_once
    return CarryExecutor(live=live).scan_and_act()
           ^^^^^^^^^^^^^^^^^^^^^^^^^^^^^^^^^^^^^^^
  File "/root/projects/trx_bot/carry_executor.py", line 88, in scan_and_act
    fr = fetch_funding_rate(symbol)
         ^^^^^^^^^^^^^^^^^^
NameError: name 'fetch_funding_rate' is not defined
2026-06-22 20:00:03,087 [carry] INFO: carry_executor 模式: 🟢 DRY-RUN（不下单）（实盘需 CARRY_LIVE=1，且勿与主 bot 同币种同跑）
Traceback (most recent call last):
  File "/root/projects/trx_bot/carry_executor.py", line 265, in <module>
    print(json.dumps(run_once(), indent=2, ensure_ascii=False, default=str))
                     ^^^^^^^^^^
  File "/root/projects/trx_bot/carry_executor.py", line 233, in run_once
    return CarryExecutor(live=live).scan_and_act()
           ^^^^^^^^^^^^^^^^^^^^^^^^^^^^^^^^^^^^^^^
  File "/root/projects/trx_bot/carry_executor.py", line 88, in scan_and_act
    fr = fetch_funding_rate(symbol)
         ^^^^^^^^^^^^^^^^^^
NameError: name 'fetch_funding_rate' is not defined
2026-06-22 21:00:02,725 [carry] INFO: carry_executor 模式: 🟢 DRY-RUN（不下单）（实盘需 CARRY_LIVE=1，且勿与主 bot 同币种同跑）
Traceback (most recent call last):
  File "/root/projects/trx_bot/carry_executor.py", line 265, in <module>
    print(json.dumps(run_once(), indent=2, ensure_ascii=False, default=str))
                     ^^^^^^^^^^
  File "/root/projects/trx_bot/carry_executor.py", line 233, in run_once
    return CarryExecutor(live=live).scan_and_act()
           ^^^^^^^^^^^^^^^^^^^^^^^^^^^^^^^^^^^^^^^
  File "/root/projects/trx_bot/carry_executor.py", line 88, in scan_and_act
    fr = fetch_funding_rate(symbol)
         ^^^^^^^^^^^^^^^^^^
NameError: name 'fetch_funding_rate' is not defined
2026-06-22 22:00:02,688 [carry] INFO: carry_executor 模式: 🟢 DRY-RUN（不下单）（实盘需 CARRY_LIVE=1，且勿与主 bot 同币种同跑）
Traceback (most recent call last):
  File "/root/projects/trx_bot/carry_executor.py", line 265, in <module>
    print(json.dumps(run_once(), indent=2, ensure_ascii=False, default=str))
                     ^^^^^^^^^^
  File "/root/projects/trx_bot/carry_executor.py", line 233, in run_once
    return CarryExecutor(live=live).scan_and_act()
           ^^^^^^^^^^^^^^^^^^^^^^^^^^^^^^^^^^^^^^^
  File "/root/projects/trx_bot/carry_executor.py", line 88, in scan_and_act
    fr = fetch_funding_rate(symbol)
         ^^^^^^^^^^^^^^^^^^
NameError: name 'fetch_funding_rate' is not defined
2026-06-22 23:00:02,747 [carry] INFO: carry_executor 模式: 🟢 DRY-RUN（不下单）（实盘需 CARRY_LIVE=1，且勿与主 bot 同币种同跑）
Traceback (most recent call last):
  File "/root/projects/trx_bot/carry_executor.py", line 265, in <module>
    print(json.dumps(run_once(), indent=2, ensure_ascii=False, default=str))
                     ^^^^^^^^^^
  File "/root/projects/trx_bot/carry_executor.py", line 233, in run_once
    return CarryExecutor(live=live).scan_and_act()
           ^^^^^^^^^^^^^^^^^^^^^^^^^^^^^^^^^^^^^^^
  File "/root/projects/trx_bot/carry_executor.py", line 88, in scan_and_act
    fr = fetch_funding_rate(symbol)
         ^^^^^^^^^^^^^^^^^^
NameError: name 'fetch_funding_rate' is not defined
2026-06-23 00:00:02,379 [carry] INFO: carry_executor 模式: 🟢 DRY-RUN（不下单）（实盘需 CARRY_LIVE=1，且勿与主 bot 同币种同跑）
Traceback (most recent call last):
  File "/root/projects/trx_bot/carry_executor.py", line 265, in <module>
    print(json.dumps(run_once(), indent=2, ensure_ascii=False, default=str))
                     ^^^^^^^^^^
  File "/root/projects/trx_bot/carry_executor.py", line 233, in run_once
    return CarryExecutor(live=live).scan_and_act()
           ^^^^^^^^^^^^^^^^^^^^^^^^^^^^^^^^^^^^^^^
  File "/root/projects/trx_bot/carry_executor.py", line 88, in scan_and_act
    fr = fetch_funding_rate(symbol)
         ^^^^^^^^^^^^^^^^^^
NameError: name 'fetch_funding_rate' is not defined
2026-06-23 01:00:02,606 [carry] INFO: carry_executor 模式: 🟢 DRY-RUN（不下单）（实盘需 CARRY_LIVE=1，且勿与主 bot 同币种同跑）
Traceback (most recent call last):
  File "/root/projects/trx_bot/carry_executor.py", line 265, in <module>
    print(json.dumps(run_once(), indent=2, ensure_ascii=False, default=str))
                     ^^^^^^^^^^
  File "/root/projects/trx_bot/carry_executor.py", line 233, in run_once
    return CarryExecutor(live=live).scan_and_act()
           ^^^^^^^^^^^^^^^^^^^^^^^^^^^^^^^^^^^^^^^
  File "/root/projects/trx_bot/carry_executor.py", line 88, in scan_and_act
    fr = fetch_funding_rate(symbol)
         ^^^^^^^^^^^^^^^^^^
NameError: name 'fetch_funding_rate' is not defined
2026-06-23 02:00:03,646 [carry] INFO: carry_executor 模式: 🟢 DRY-RUN（不下单）（实盘需 CARRY_LIVE=1，且勿与主 bot 同币种同跑）
Traceback (most recent call last):
  File "/root/projects/trx_bot/carry_executor.py", line 265, in <module>
    print(json.dumps(run_once(), indent=2, ensure_ascii=False, default=str))
                     ^^^^^^^^^^
  File "/root/projects/trx_bot/carry_executor.py", line 233, in run_once
    return CarryExecutor(live=live).scan_and_act()
           ^^^^^^^^^^^^^^^^^^^^^^^^^^^^^^^^^^^^^^^
  File "/root/projects/trx_bot/carry_executor.py", line 88, in scan_and_act
    fr = fetch_funding_rate(symbol)
         ^^^^^^^^^^^^^^^^^^
NameError: name 'fetch_funding_rate' is not defined
2026-06-23 03:00:03,435 [carry] INFO: carry_executor 模式: 🟢 DRY-RUN（不下单）（实盘需 CARRY_LIVE=1，且勿与主 bot 同币种同跑）
Traceback (most recent call last):
  File "/root/projects/trx_bot/carry_executor.py", line 265, in <module>
    print(json.dumps(run_once(), indent=2, ensure_ascii=False, default=str))
                     ^^^^^^^^^^
  File "/root/projects/trx_bot/carry_executor.py", line 233, in run_once
    return CarryExecutor(live=live).scan_and_act()
           ^^^^^^^^^^^^^^^^^^^^^^^^^^^^^^^^^^^^^^^
  File "/root/projects/trx_bot/carry_executor.py", line 88, in scan_and_act
    fr = fetch_funding_rate(symbol)
         ^^^^^^^^^^^^^^^^^^
NameError: name 'fetch_funding_rate' is not defined
2026-06-23 04:00:03,018 [carry] INFO: carry_executor 模式: 🟢 DRY-RUN（不下单）（实盘需 CARRY_LIVE=1，且勿与主 bot 同币种同跑）
Traceback (most recent call last):
  File "/root/projects/trx_bot/carry_executor.py", line 265, in <module>
    print(json.dumps(run_once(), indent=2, ensure_ascii=False, default=str))
                     ^^^^^^^^^^
  File "/root/projects/trx_bot/carry_executor.py", line 233, in run_once
    return CarryExecutor(live=live).scan_and_act()
           ^^^^^^^^^^^^^^^^^^^^^^^^^^^^^^^^^^^^^^^
  File "/root/projects/trx_bot/carry_executor.py", line 88, in scan_and_act
    fr = fetch_funding_rate(symbol)
         ^^^^^^^^^^^^^^^^^^
NameError: name 'fetch_funding_rate' is not defined
2026-06-23 05:00:02,697 [carry] INFO: carry_executor 模式: 🟢 DRY-RUN（不下单）（实盘需 CARRY_LIVE=1，且勿与主 bot 同币种同跑）
Traceback (most recent call last):
  File "/root/projects/trx_bot/carry_executor.py", line 265, in <module>
    print(json.dumps(run_once(), indent=2, ensure_ascii=False, default=str))
                     ^^^^^^^^^^
  File "/root/projects/trx_bot/carry_executor.py", line 233, in run_once
    return CarryExecutor(live=live).scan_and_act()
           ^^^^^^^^^^^^^^^^^^^^^^^^^^^^^^^^^^^^^^^
  File "/root/projects/trx_bot/carry_executor.py", line 88, in scan_and_act
    fr = fetch_funding_rate(symbol)
         ^^^^^^^^^^^^^^^^^^
NameError: name 'fetch_funding_rate' is not defined
2026-06-23 06:00:02,287 [carry] INFO: carry_executor 模式: 🟢 DRY-RUN（不下单）（实盘需 CARRY_LIVE=1，且勿与主 bot 同币种同跑）
Traceback (most recent call last):
  File "/root/projects/trx_bot/carry_executor.py", line 265, in <module>
    print(json.dumps(run_once(), indent=2, ensure_ascii=False, default=str))
                     ^^^^^^^^^^
  File "/root/projects/trx_bot/carry_executor.py", line 233, in run_once
    return CarryExecutor(live=live).scan_and_act()
           ^^^^^^^^^^^^^^^^^^^^^^^^^^^^^^^^^^^^^^^
  File "/root/projects/trx_bot/carry_executor.py", line 88, in scan_and_act
    fr = fetch_funding_rate(symbol)
         ^^^^^^^^^^^^^^^^^^
NameError: name 'fetch_funding_rate' is not defined
2026-06-23 07:00:02,559 [carry] INFO: carry_executor 模式: 🟢 DRY-RUN（不下单）（实盘需 CARRY_LIVE=1，且勿与主 bot 同币种同跑）
Traceback (most recent call last):
  File "/root/projects/trx_bot/carry_executor.py", line 265, in <module>
    print(json.dumps(run_once(), indent=2, ensure_ascii=False, default=str))
                     ^^^^^^^^^^
  File "/root/projects/trx_bot/carry_executor.py", line 233, in run_once
    return CarryExecutor(live=live).scan_and_act()
           ^^^^^^^^^^^^^^^^^^^^^^^^^^^^^^^^^^^^^^^
  File "/root/projects/trx_bot/carry_executor.py", line 88, in scan_and_act
    fr = fetch_funding_rate(symbol)
         ^^^^^^^^^^^^^^^^^^
NameError: name 'fetch_funding_rate' is not defined
2026-06-23 08:00:03,614 [carry] INFO: carry_executor 模式: 🟢 DRY-RUN（不下单）（实盘需 CARRY_LIVE=1，且勿与主 bot 同币种同跑）
Traceback (most recent call last):
  File "/root/projects/trx_bot/carry_executor.py", line 265, in <module>
    print(json.dumps(run_once(), indent=2, ensure_ascii=False, default=str))
                     ^^^^^^^^^^
  File "/root/projects/trx_bot/carry_executor.py", line 233, in run_once
    return CarryExecutor(live=live).scan_and_act()
           ^^^^^^^^^^^^^^^^^^^^^^^^^^^^^^^^^^^^^^^
  File "/root/projects/trx_bot/carry_executor.py", line 88, in scan_and_act
    fr = fetch_funding_rate(symbol)
         ^^^^^^^^^^^^^^^^^^
NameError: name 'fetch_funding_rate' is not defined
2026-06-23 09:00:02,464 [carry] INFO: carry_executor 模式: 🟢 DRY-RUN（不下单）（实盘需 CARRY_LIVE=1，且勿与主 bot 同币种同跑）
Traceback (most recent call last):
  File "/root/projects/trx_bot/carry_executor.py", line 265, in <module>
    print(json.dumps(run_once(), indent=2, ensure_ascii=False, default=str))
                     ^^^^^^^^^^
  File "/root/projects/trx_bot/carry_executor.py", line 233, in run_once
    return CarryExecutor(live=live).scan_and_act()
           ^^^^^^^^^^^^^^^^^^^^^^^^^^^^^^^^^^^^^^^
  File "/root/projects/trx_bot/carry_executor.py", line 88, in scan_and_act
    fr = fetch_funding_rate(symbol)
         ^^^^^^^^^^^^^^^^^^
NameError: name 'fetch_funding_rate' is not defined
2026-06-23 10:00:02,013 [carry] INFO: carry_executor 模式: 🟢 DRY-RUN（不下单）（实盘需 CARRY_LIVE=1，且勿与主 bot 同币种同跑）
Traceback (most recent call last):
  File "/root/projects/trx_bot/carry_executor.py", line 265, in <module>
    print(json.dumps(run_once(), indent=2, ensure_ascii=False, default=str))
                     ^^^^^^^^^^
  File "/root/projects/trx_bot/carry_executor.py", line 233, in run_once
    return CarryExecutor(live=live).scan_and_act()
           ^^^^^^^^^^^^^^^^^^^^^^^^^^^^^^^^^^^^^^^
  File "/root/projects/trx_bot/carry_executor.py", line 88, in scan_and_act
    fr = fetch_funding_rate(symbol)
         ^^^^^^^^^^^^^^^^^^
NameError: name 'fetch_funding_rate' is not defined
2026-06-23 11:00:02,536 [carry] INFO: carry_executor 模式: 🟢 DRY-RUN（不下单）（实盘需 CARRY_LIVE=1，且勿与主 bot 同币种同跑）
Traceback (most recent call last):
  File "/root/projects/trx_bot/carry_executor.py", line 265, in <module>
    print(json.dumps(run_once(), indent=2, ensure_ascii=False, default=str))
                     ^^^^^^^^^^
  File "/root/projects/trx_bot/carry_executor.py", line 233, in run_once
    return CarryExecutor(live=live).scan_and_act()
           ^^^^^^^^^^^^^^^^^^^^^^^^^^^^^^^^^^^^^^^
  File "/root/projects/trx_bot/carry_executor.py", line 88, in scan_and_act
    fr = fetch_funding_rate(symbol)
         ^^^^^^^^^^^^^^^^^^
NameError: name 'fetch_funding_rate' is not defined
2026-06-23 12:00:01,796 [carry] INFO: carry_executor 模式: 🟢 DRY-RUN（不下单）（实盘需 CARRY_LIVE=1，且勿与主 bot 同币种同跑）
Traceback (most recent call last):
  File "/root/projects/trx_bot/carry_executor.py", line 265, in <module>
    print(json.dumps(run_once(), indent=2, ensure_ascii=False, default=str))
                     ^^^^^^^^^^
  File "/root/projects/trx_bot/carry_executor.py", line 233, in run_once
    return CarryExecutor(live=live).scan_and_act()
           ^^^^^^^^^^^^^^^^^^^^^^^^^^^^^^^^^^^^^^^
  File "/root/projects/trx_bot/carry_executor.py", line 88, in scan_and_act
    fr = fetch_funding_rate(symbol)
         ^^^^^^^^^^^^^^^^^^
NameError: name 'fetch_funding_rate' is not defined
2026-06-23 13:00:02,732 [carry] INFO: carry_executor 模式: 🟢 DRY-RUN（不下单）（实盘需 CARRY_LIVE=1，且勿与主 bot 同币种同跑）
Traceback (most recent call last):
  File "/root/projects/trx_bot/carry_executor.py", line 265, in <module>
    print(json.dumps(run_once(), indent=2, ensure_ascii=False, default=str))
                     ^^^^^^^^^^
  File "/root/projects/trx_bot/carry_executor.py", line 233, in run_once
    return CarryExecutor(live=live).scan_and_act()
           ^^^^^^^^^^^^^^^^^^^^^^^^^^^^^^^^^^^^^^^
  File "/root/projects/trx_bot/carry_executor.py", line 88, in scan_and_act
    fr = fetch_funding_rate(symbol)
         ^^^^^^^^^^^^^^^^^^
NameError: name 'fetch_funding_rate' is not defined
2026-06-23 14:00:02,816 [carry] INFO: carry_executor 模式: 🟢 DRY-RUN（不下单）（实盘需 CARRY_LIVE=1，且勿与主 bot 同币种同跑）
Traceback (most recent call last):
  File "/root/projects/trx_bot/carry_executor.py", line 265, in <module>
    print(json.dumps(run_once(), indent=2, ensure_ascii=False, default=str))
                     ^^^^^^^^^^
  File "/root/projects/trx_bot/carry_executor.py", line 233, in run_once
    return CarryExecutor(live=live).scan_and_act()
           ^^^^^^^^^^^^^^^^^^^^^^^^^^^^^^^^^^^^^^^
  File "/root/projects/trx_bot/carry_executor.py", line 88, in scan_and_act
    fr = fetch_funding_rate(symbol)
         ^^^^^^^^^^^^^^^^^^
NameError: name 'fetch_funding_rate' is not defined
2026-06-23 15:00:03,171 [carry] INFO: carry_executor 模式: 🟢 DRY-RUN（不下单）（实盘需 CARRY_LIVE=1，且勿与主 bot 同币种同跑）
Traceback (most recent call last):
  File "/root/projects/trx_bot/carry_executor.py", line 265, in <module>
    print(json.dumps(run_once(), indent=2, ensure_ascii=False, default=str))
                     ^^^^^^^^^^
  File "/root/projects/trx_bot/carry_executor.py", line 233, in run_once
    return CarryExecutor(live=live).scan_and_act()
           ^^^^^^^^^^^^^^^^^^^^^^^^^^^^^^^^^^^^^^^
  File "/root/projects/trx_bot/carry_executor.py", line 88, in scan_and_act
    fr = fetch_funding_rate(symbol)
         ^^^^^^^^^^^^^^^^^^
NameError: name 'fetch_funding_rate' is not defined
2026-06-23 16:00:02,378 [carry] INFO: carry_executor 模式: 🟢 DRY-RUN（不下单）（实盘需 CARRY_LIVE=1，且勿与主 bot 同币种同跑）
Traceback (most recent call last):
  File "/root/projects/trx_bot/carry_executor.py", line 265, in <module>
    print(json.dumps(run_once(), indent=2, ensure_ascii=False, default=str))
                     ^^^^^^^^^^
  File "/root/projects/trx_bot/carry_executor.py", line 233, in run_once
    return CarryExecutor(live=live).scan_and_act()
           ^^^^^^^^^^^^^^^^^^^^^^^^^^^^^^^^^^^^^^^
  File "/root/projects/trx_bot/carry_executor.py", line 88, in scan_and_act
    fr = fetch_funding_rate(symbol)
         ^^^^^^^^^^^^^^^^^^
NameError: name 'fetch_funding_rate' is not defined
2026-06-23 17:00:02,508 [carry] INFO: carry_executor 模式: 🟢 DRY-RUN（不下单）（实盘需 CARRY_LIVE=1，且勿与主 bot 同币种同跑）
Traceback (most recent call last):
  File "/root/projects/trx_bot/carry_executor.py", line 265, in <module>
    print(json.dumps(run_once(), indent=2, ensure_ascii=False, default=str))
                     ^^^^^^^^^^
  File "/root/projects/trx_bot/carry_executor.py", line 233, in run_once
    return CarryExecutor(live=live).scan_and_act()
           ^^^^^^^^^^^^^^^^^^^^^^^^^^^^^^^^^^^^^^^
  File "/root/projects/trx_bot/carry_executor.py", line 88, in scan_and_act
    fr = fetch_funding_rate(symbol)
         ^^^^^^^^^^^^^^^^^^
NameError: name 'fetch_funding_rate' is not defined
2026-06-23 18:00:04,390 [carry] INFO: carry_executor 模式: 🟢 DRY-RUN（不下单）（实盘需 CARRY_LIVE=1，且勿与主 bot 同币种同跑）
Traceback (most recent call last):
  File "/root/projects/trx_bot/carry_executor.py", line 265, in <module>
    print(json.dumps(run_once(), indent=2, ensure_ascii=False, default=str))
                     ^^^^^^^^^^
  File "/root/projects/trx_bot/carry_executor.py", line 233, in run_once
    return CarryExecutor(live=live).scan_and_act()
           ^^^^^^^^^^^^^^^^^^^^^^^^^^^^^^^^^^^^^^^
  File "/root/projects/trx_bot/carry_executor.py", line 88, in scan_and_act
    fr = fetch_funding_rate(symbol)
         ^^^^^^^^^^^^^^^^^^
NameError: name 'fetch_funding_rate' is not defined
2026-06-23 19:00:04,877 [carry] INFO: carry_executor 模式: 🟢 DRY-RUN（不下单）（实盘需 CARRY_LIVE=1，且勿与主 bot 同币种同跑）
Traceback (most recent call last):
  File "/root/projects/trx_bot/carry_executor.py", line 265, in <module>
    print(json.dumps(run_once(), indent=2, ensure_ascii=False, default=str))
                     ^^^^^^^^^^
  File "/root/projects/trx_bot/carry_executor.py", line 233, in run_once
    return CarryExecutor(live=live).scan_and_act()
           ^^^^^^^^^^^^^^^^^^^^^^^^^^^^^^^^^^^^^^^
  File "/root/projects/trx_bot/carry_executor.py", line 88, in scan_and_act
    fr = fetch_funding_rate(symbol)
         ^^^^^^^^^^^^^^^^^^
NameError: name 'fetch_funding_rate' is not defined
2026-06-23 20:00:04,973 [carry] INFO: carry_executor 模式: 🟢 DRY-RUN（不下单）（实盘需 CARRY_LIVE=1，且勿与主 bot 同币种同跑）
Traceback (most recent call last):
  File "/root/projects/trx_bot/carry_executor.py", line 265, in <module>
    print(json.dumps(run_once(), indent=2, ensure_ascii=False, default=str))
                     ^^^^^^^^^^
  File "/root/projects/trx_bot/carry_executor.py", line 233, in run_once
    return CarryExecutor(live=live).scan_and_act()
           ^^^^^^^^^^^^^^^^^^^^^^^^^^^^^^^^^^^^^^^
  File "/root/projects/trx_bot/carry_executor.py", line 88, in scan_and_act
    fr = fetch_funding_rate(symbol)
         ^^^^^^^^^^^^^^^^^^
NameError: name 'fetch_funding_rate' is not defined
2026-06-23 21:00:03,614 [carry] INFO: carry_executor 模式: 🟢 DRY-RUN（不下单）（实盘需 CARRY_LIVE=1，且勿与主 bot 同币种同跑）
Traceback (most recent call last):
  File "/root/projects/trx_bot/carry_executor.py", line 265, in <module>
    print(json.dumps(run_once(), indent=2, ensure_ascii=False, default=str))
                     ^^^^^^^^^^
  File "/root/projects/trx_bot/carry_executor.py", line 233, in run_once
    return CarryExecutor(live=live).scan_and_act()
           ^^^^^^^^^^^^^^^^^^^^^^^^^^^^^^^^^^^^^^^
  File "/root/projects/trx_bot/carry_executor.py", line 88, in scan_and_act
    fr = fetch_funding_rate(symbol)
         ^^^^^^^^^^^^^^^^^^
NameError: name 'fetch_funding_rate' is not defined
2026-06-23 22:00:04,654 [carry] INFO: carry_executor 模式: 🟢 DRY-RUN（不下单）（实盘需 CARRY_LIVE=1，且勿与主 bot 同币种同跑）
Traceback (most recent call last):
  File "/root/projects/trx_bot/carry_executor.py", line 265, in <module>
    print(json.dumps(run_once(), indent=2, ensure_ascii=False, default=str))
                     ^^^^^^^^^^
  File "/root/projects/trx_bot/carry_executor.py", line 233, in run_once
    return CarryExecutor(live=live).scan_and_act()
           ^^^^^^^^^^^^^^^^^^^^^^^^^^^^^^^^^^^^^^^
  File "/root/projects/trx_bot/carry_executor.py", line 88, in scan_and_act
    fr = fetch_funding_rate(symbol)
         ^^^^^^^^^^^^^^^^^^
NameError: name 'fetch_funding_rate' is not defined
2026-06-23 23:00:03,352 [carry] INFO: carry_executor 模式: 🟢 DRY-RUN（不下单）（实盘需 CARRY_LIVE=1，且勿与主 bot 同币种同跑）
Traceback (most recent call last):
  File "/root/projects/trx_bot/carry_executor.py", line 265, in <module>
    print(json.dumps(run_once(), indent=2, ensure_ascii=False, default=str))
                     ^^^^^^^^^^
  File "/root/projects/trx_bot/carry_executor.py", line 233, in run_once
    return CarryExecutor(live=live).scan_and_act()
           ^^^^^^^^^^^^^^^^^^^^^^^^^^^^^^^^^^^^^^^
  File "/root/projects/trx_bot/carry_executor.py", line 88, in scan_and_act
    fr = fetch_funding_rate(symbol)
         ^^^^^^^^^^^^^^^^^^
NameError: name 'fetch_funding_rate' is not defined
2026-06-24 00:00:07,043 [carry] INFO: carry_executor 模式: 🟢 DRY-RUN（不下单）（实盘需 CARRY_LIVE=1，且勿与主 bot 同币种同跑）
Traceback (most recent call last):
  File "/root/projects/trx_bot/carry_executor.py", line 265, in <module>
    print(json.dumps(run_once(), indent=2, ensure_ascii=False, default=str))
                     ^^^^^^^^^^
  File "/root/projects/trx_bot/carry_executor.py", line 233, in run_once
    return CarryExecutor(live=live).scan_and_act()
           ^^^^^^^^^^^^^^^^^^^^^^^^^^^^^^^^^^^^^^^
  File "/root/projects/trx_bot/carry_executor.py", line 88, in scan_and_act
    fr = fetch_funding_rate(symbol)
         ^^^^^^^^^^^^^^^^^^
NameError: name 'fetch_funding_rate' is not defined
2026-06-24 01:00:03,305 [carry] INFO: carry_executor 模式: 🟢 DRY-RUN（不下单）（实盘需 CARRY_LIVE=1，且勿与主 bot 同币种同跑）
Traceback (most recent call last):
  File "/root/projects/trx_bot/carry_executor.py", line 265, in <module>
    print(json.dumps(run_once(), indent=2, ensure_ascii=False, default=str))
                     ^^^^^^^^^^
  File "/root/projects/trx_bot/carry_executor.py", line 233, in run_once
    return CarryExecutor(live=live).scan_and_act()
           ^^^^^^^^^^^^^^^^^^^^^^^^^^^^^^^^^^^^^^^
  File "/root/projects/trx_bot/carry_executor.py", line 88, in scan_and_act
    fr = fetch_funding_rate(symbol)
         ^^^^^^^^^^^^^^^^^^
NameError: name 'fetch_funding_rate' is not defined
2026-06-24 02:00:04,303 [carry] INFO: carry_executor 模式: 🟢 DRY-RUN（不下单）（实盘需 CARRY_LIVE=1，且勿与主 bot 同币种同跑）
Traceback (most recent call last):
  File "/root/projects/trx_bot/carry_executor.py", line 265, in <module>
    print(json.dumps(run_once(), indent=2, ensure_ascii=False, default=str))
                     ^^^^^^^^^^
  File "/root/projects/trx_bot/carry_executor.py", line 233, in run_once
    return CarryExecutor(live=live).scan_and_act()
           ^^^^^^^^^^^^^^^^^^^^^^^^^^^^^^^^^^^^^^^
  File "/root/projects/trx_bot/carry_executor.py", line 88, in scan_and_act
    fr = fetch_funding_rate(symbol)
         ^^^^^^^^^^^^^^^^^^
NameError: name 'fetch_funding_rate' is not defined
2026-06-24 03:00:05,250 [carry] INFO: carry_executor 模式: 🟢 DRY-RUN（不下单）（实盘需 CARRY_LIVE=1，且勿与主 bot 同币种同跑）
Traceback (most recent call last):
  File "/root/projects/trx_bot/carry_executor.py", line 265, in <module>
    print(json.dumps(run_once(), indent=2, ensure_ascii=False, default=str))
                     ^^^^^^^^^^
  File "/root/projects/trx_bot/carry_executor.py", line 233, in run_once
    return CarryExecutor(live=live).scan_and_act()
           ^^^^^^^^^^^^^^^^^^^^^^^^^^^^^^^^^^^^^^^
  File "/root/projects/trx_bot/carry_executor.py", line 88, in scan_and_act
    fr = fetch_funding_rate(symbol)
         ^^^^^^^^^^^^^^^^^^
NameError: name 'fetch_funding_rate' is not defined
2026-06-24 04:00:03,503 [carry] INFO: carry_executor 模式: 🟢 DRY-RUN（不下单）（实盘需 CARRY_LIVE=1，且勿与主 bot 同币种同跑）
Traceback (most recent call last):
  File "/root/projects/trx_bot/carry_executor.py", line 265, in <module>
    print(json.dumps(run_once(), indent=2, ensure_ascii=False, default=str))
                     ^^^^^^^^^^
  File "/root/projects/trx_bot/carry_executor.py", line 233, in run_once
    return CarryExecutor(live=live).scan_and_act()
           ^^^^^^^^^^^^^^^^^^^^^^^^^^^^^^^^^^^^^^^
  File "/root/projects/trx_bot/carry_executor.py", line 88, in scan_and_act
    fr = fetch_funding_rate(symbol)
         ^^^^^^^^^^^^^^^^^^
NameError: name 'fetch_funding_rate' is not defined
2026-06-24 05:00:04,426 [carry] INFO: carry_executor 模式: 🟢 DRY-RUN（不下单）（实盘需 CARRY_LIVE=1，且勿与主 bot 同币种同跑）
Traceback (most recent call last):
  File "/root/projects/trx_bot/carry_executor.py", line 265, in <module>
    print(json.dumps(run_once(), indent=2, ensure_ascii=False, default=str))
                     ^^^^^^^^^^
  File "/root/projects/trx_bot/carry_executor.py", line 233, in run_once
    return CarryExecutor(live=live).scan_and_act()
           ^^^^^^^^^^^^^^^^^^^^^^^^^^^^^^^^^^^^^^^
  File "/root/projects/trx_bot/carry_executor.py", line 88, in scan_and_act
    fr = fetch_funding_rate(symbol)
         ^^^^^^^^^^^^^^^^^^
NameError: name 'fetch_funding_rate' is not defined
2026-06-24 06:00:05,254 [carry] INFO: carry_executor 模式: 🟢 DRY-RUN（不下单）（实盘需 CARRY_LIVE=1，且勿与主 bot 同币种同跑）
Traceback (most recent call last):
  File "/root/projects/trx_bot/carry_executor.py", line 265, in <module>
    print(json.dumps(run_once(), indent=2, ensure_ascii=False, default=str))
                     ^^^^^^^^^^
  File "/root/projects/trx_bot/carry_executor.py", line 233, in run_once
    return CarryExecutor(live=live).scan_and_act()
           ^^^^^^^^^^^^^^^^^^^^^^^^^^^^^^^^^^^^^^^
  File "/root/projects/trx_bot/carry_executor.py", line 88, in scan_and_act
    fr = fetch_funding_rate(symbol)
         ^^^^^^^^^^^^^^^^^^
NameError: name 'fetch_funding_rate' is not defined
2026-06-24 07:00:06,911 [carry] INFO: carry_executor 模式: 🟢 DRY-RUN（不下单）（实盘需 CARRY_LIVE=1，且勿与主 bot 同币种同跑）
Traceback (most recent call last):
  File "/root/projects/trx_bot/carry_executor.py", line 265, in <module>
    print(json.dumps(run_once(), indent=2, ensure_ascii=False, default=str))
                     ^^^^^^^^^^
  File "/root/projects/trx_bot/carry_executor.py", line 233, in run_once
    return CarryExecutor(live=live).scan_and_act()
           ^^^^^^^^^^^^^^^^^^^^^^^^^^^^^^^^^^^^^^^
  File "/root/projects/trx_bot/carry_executor.py", line 88, in scan_and_act
    fr = fetch_funding_rate(symbol)
         ^^^^^^^^^^^^^^^^^^
NameError: name 'fetch_funding_rate' is not defined
2026-06-24 08:00:07,606 [carry] INFO: carry_executor 模式: 🟢 DRY-RUN（不下单）（实盘需 CARRY_LIVE=1，且勿与主 bot 同币种同跑）
Traceback (most recent call last):
  File "/root/projects/trx_bot/carry_executor.py", line 265, in <module>
    print(json.dumps(run_once(), indent=2, ensure_ascii=False, default=str))
                     ^^^^^^^^^^
  File "/root/projects/trx_bot/carry_executor.py", line 233, in run_once
    return CarryExecutor(live=live).scan_and_act()
           ^^^^^^^^^^^^^^^^^^^^^^^^^^^^^^^^^^^^^^^
  File "/root/projects/trx_bot/carry_executor.py", line 88, in scan_and_act
    fr = fetch_funding_rate(symbol)
         ^^^^^^^^^^^^^^^^^^
NameError: name 'fetch_funding_rate' is not defined
2026-06-24 09:00:07,428 [carry] INFO: carry_executor 模式: 🟢 DRY-RUN（不下单）（实盘需 CARRY_LIVE=1，且勿与主 bot 同币种同跑）
Traceback (most recent call last):
  File "/root/projects/trx_bot/carry_executor.py", line 265, in <module>
    print(json.dumps(run_once(), indent=2, ensure_ascii=False, default=str))
                     ^^^^^^^^^^
  File "/root/projects/trx_bot/carry_executor.py", line 233, in run_once
    return CarryExecutor(live=live).scan_and_act()
           ^^^^^^^^^^^^^^^^^^^^^^^^^^^^^^^^^^^^^^^
  File "/root/projects/trx_bot/carry_executor.py", line 88, in scan_and_act
    fr = fetch_funding_rate(symbol)
         ^^^^^^^^^^^^^^^^^^
NameError: name 'fetch_funding_rate' is not defined
2026-06-24 10:00:06,406 [carry] INFO: carry_executor 模式: 🟢 DRY-RUN（不下单）（实盘需 CARRY_LIVE=1，且勿与主 bot 同币种同跑）
Traceback (most recent call last):
  File "/root/projects/trx_bot/carry_executor.py", line 265, in <module>
    print(json.dumps(run_once(), indent=2, ensure_ascii=False, default=str))
                     ^^^^^^^^^^
  File "/root/projects/trx_bot/carry_executor.py", line 233, in run_once
    return CarryExecutor(live=live).scan_and_act()
           ^^^^^^^^^^^^^^^^^^^^^^^^^^^^^^^^^^^^^^^
  File "/root/projects/trx_bot/carry_executor.py", line 88, in scan_and_act
    fr = fetch_funding_rate(symbol)
         ^^^^^^^^^^^^^^^^^^
NameError: name 'fetch_funding_rate' is not defined
2026-06-24 11:00:06,955 [carry] INFO: carry_executor 模式: 🟢 DRY-RUN（不下单）（实盘需 CARRY_LIVE=1，且勿与主 bot 同币种同跑）
Traceback (most recent call last):
  File "/root/projects/trx_bot/carry_executor.py", line 265, in <module>
    print(json.dumps(run_once(), indent=2, ensure_ascii=False, default=str))
                     ^^^^^^^^^^
  File "/root/projects/trx_bot/carry_executor.py", line 233, in run_once
    return CarryExecutor(live=live).scan_and_act()
           ^^^^^^^^^^^^^^^^^^^^^^^^^^^^^^^^^^^^^^^
  File "/root/projects/trx_bot/carry_executor.py", line 88, in scan_and_act
    fr = fetch_funding_rate(symbol)
         ^^^^^^^^^^^^^^^^^^
NameError: name 'fetch_funding_rate' is not defined
